"ADRICE CORMIER LTD.","516","CHEMIN BAS"," ","BAS-CAP-PELÉ","NB","E4N3B3"
"ALVIN & RUFIN BOUDREAU & SONS LTD.","1724","ROUTE 950"," ","TROIS-RUISSEAUX","NB","E4N2Z6"
"AMCO FISHERIES LTD. (PLANT #1)","915","ROUTE 950"," ","BAS-CAP-PELÉ","NB","E4N3B3"
"AMCO FISHERIES LTD","896","CHEMIN BAS-CAP-PELÉ"," ","BAS-CAP-PELÉ","NB","E4N1K3"
"B.A. RICHARD LTD.","374","CHEMIN COTE SAINTE-ANNE"," ","STE. ANNE DE KENT","NB","E4S1M6"
"BAIE STE- ANNE SEAFOODS (2014) INC.","143","CHEMIN ESCUMINAC POINT"," ","ESCUMINAC","NB","E9A1V6"
"BOTSFORD FISHERIES LTD.","2112","ROUTE 950"," ","PETIT-CAP","NB","E4N2J8"
"BOUDREAU FARM & SEA PRODUCTS LTD","1920","ROUTE 950"," ","PETIT-CAP","NB","E4N2J2"
"BRUN FISHERIES LTD.","73","CHEMIN DE L'ÎLE"," ","PETIT-CAP","NB","E4N2G6"
"BOTSFORD FISHERIES LTD.","2181","ROUTE 950"," ","PETIT-CAP","NB","E4N2H8"
"ABRIEL FISHERIES COMPANY","368","COOPER'S ROAD"," ","TANGIER","NS","B0J3H0"
"COCAGNE SEAFOOD (1995) LTD.","4638","ROUTE 134"," ","COCAGNE","NB","E4R3R3"
"CONNORS BROS. CLOVER LEAF SEAFOODS COMPANY","180","BRUNSWICK STREET"," ","BLACKS HARBOUR","NB","E5H1G6"
"NOTRE DAME SEAFOODS INC.","13-23","COVE ROAD"," ","COMFORT COVE","NL","A0G3K0"
"SILVER ROE SEAFOODS LIMITED","270","DENNIS POINT RD."," ","LOWER WEST PUBNICO","NS","B0W2C0"
"QUIN-SEA FISHERIES LIMITED","257-269","MARINE DRIVE"," ","SOUTHERN HARBOUR","NL","A0B3H0"
"PRINCETON SEAWATER FISHERIES LIMITED"," ","MAIN ROAD"," ","PRINCETON","NL","A0C2K0"
"ST. MARY'S RIVER SMOKEHOUSES","8000","HWY 7"," ","SHERBROOKE","NS","BOJ3C0"
"QUIN-SEA FISHERIES LIMITED","50-70","MARINE DRIVE"," ","OLD PERLICAN","NL","A0A3G0"
"QUINLAN BROTHERS, LIMITED","73-79","MARINE DRIVE"," ","OLD PERLICAN","NL","A0A3G0"
"QUINLAN BROTHERS LIMITED","6","WHARF RD"," ","BAY DE VERDE","NL","-"
"OCEAN FRESH MUSSEL GROWERS LTD"," ","WHARF LOOP ROAD"," ","SUMMERFORD","NL","A0G2E0"
"NATURES SEA FARMS INC.","5","WHARF LANE"," ","ST. ALBAN'S","NL","A0H2E0"
"YARMOUTH SEA PRODUCTS LIMITED","34","PETER DUGAS ROAD"," ","METEGHAN","NS","B0W2J0"
"STONEY ISLAND FISHERIES LIMITED","78","BULL HEAD ROAD"," ","STONEY ISLAND","NS","B0W3J0"
"TRIPLE ""M"" SEAFOODS LIMITED","15","RALPHIES LANE"," ","LITTLE RIVER HARBOUR","NS","B0W1B0"
"ST. ANTHONY SEAFOODS LIMITED PARTNERSHIP","240 B","EAST STREET"," ","ST. ANTHONY","NL","A0K4T0"
"VICTORIA CO-OPERATIVE FISHERIES LIMITED","247","NEW HAVEN ROAD"," ","NEW HAVEN","NS","B0C1N0"
"OCEAN CHOICE INTERNATIONAL L.P.","#10","MAIN ROAD"," ","SUMMERVILLE","NL","-"
"AQUASHELL HOLDINGS INC.","13915","ROUTE 6"," ","WALLACE","NS","B0K1Y0"
"WM. R. MURPHY FISHERIES LIMITED","52","WHARF ROAD"," ","LITTLE RIVER HARBOUR","NS","B0W1B0"
"WOODS HARBOUR LOBSTER CO. LTD.","32-34","FERRY ROAD"," ","WOODS HARBOUR","NS","B0W2E0"
"YARMOUTH BAR FISHERIES LIMITED","598","HIGHWAY 304"," ","OVERTON","NS","B5A5G6"
"TORNGAT FISH PRODUCERS CO-OP SOCIETY LIMITED","10","CHURCH ROAD"," ","NAIN","NL","-"
"TORNGAT FISH PRODUCERS CO-OPERATIVE SOCIETY, LIMITED (MAKKOVIK)","140A","MORAVIAN STREET"," ","MAKKOVIK","NL","A0P1J0"
"WOOD-PICK ENTERPRISES LIMITED","9","SPURRELLS LANE"," ","WAREHAM","NL","A0G4P0"
"WOODMAN'S SEA PRODUCTS LIMITED","1","GOVERNMENT WHARF ROAD"," ","NEW HARBOUR","NL","A0B2P0"
"BAY ENTERPRISES LTD","2642","MALAGASH ROAD"," ","MALAGASH","NS","B0K1E0"
"I.C. FISH SMOKERS","1730","HWY 335"," ","LOWER WEST PUBNICO","NS","B0W2C0"
"SCOTIA GARDEN SEAFOOD INCORPORATED","112","WATER STREET"," ","YARMOUTH","NS","B5A4K5"
"SAMBRO FISHERIES LIMITED","40","LENNY'S LANE"," ","SAMBRO","NS","B3V1L5"
"SEA STAR SEAFOODS LIMITED","80","COURTNEY ST"," ","CLARK'S HARBOUR","NS","B0W1P0"
"SHIP'S LOBSTER POUND (2005)  LIMITED","197","LOBSTER POUND RD"," ","CAPE FOURCHU","NS","B0W2E0"
"L'ASSOCIATION COOPÉRATIVE DES PÊCHEURS DE L'ILE LTÉE/ISLAND FISHERMEN COOPERATIVE ASSOCIATION LTD","3046","ROUTE 117"," ","POINTE-SAPIN","NB","E9A1V1"
"DUGUAY FISH PACKERS LTD.","1062","CHEMIN BAS-CAP-PELE"," ","CAP-PELE","NB","E4N1K9"
"EASTERN SEA PRODUCTS LTD.","11","ADDISON AVENUE"," ","SCOUDOUC","NB","E4P3N3"
"ACADIAN FISH PROCESSORS LIMITED","171","D'ENTREMONT ROAD"," ","LOWER WEST PUBNICO","NS","B0W2C0"
"EDMOND GAGNON LTD","9","QUAI DES ROBICHAUD RD"," ","BARACHOIS","NB","E4P8A4"
"OCEANS ALIVE SEAFOODS LIMITED","39","PROSPECT POINT ROAD"," ","SHAG HARBOUR","NS","B0W3B0"
"ELPHEGE & NORBERT LEBLANC LTD.","47","CHEMIN DU QUAI CANADA"," ","PETIT-CAP","NB","E4N2E8"
"FUNDY BAY SEAFOOD","65","DIPPER HARBOUR ROAD"," ","DIPPER HARBOUR","NB","E5J2T1"
"ADVOCATE SEAFOODS LIMITED","3831","HIGHWAY 209"," ","ADVOCATE HARBOUR","NS","B0M1A0"
"GAUDET & OUELLETTE LTD.","519","CHEMIN BAS-CAP-PELE"," ","BAS-CAP-PELÉ","NB","E4N3B1"
"ICHIBOSHI L.P.C. LTD.","24","RUE DU QUAI CANADA"," ","CARAQUET","NB","E1W1B6"
"LA FERME OSTRÉICOLE CHIASSON LTÉE","31","RUE DE L'ETANG"," ","LAMÈQUE","NB","E8T1C2"
"FERME OSTRÉICOLE GAÉTAN DUGAS LTÉE","675","BOUL ST-PIERRE OUEST"," ","CARAQUET","NB","E1W1A2"
"POISSONNERIE LEGER FISHERIES LTEE/LTD.","38","CHEMIN DE LA CÔTE"," ","TROIS-RUISSEAUX","NB","E4N2V7"
"THAI UNION CANADA INC.","78","RUE DU QUAI CANADA"," ","VAL-COMEAU","NB","E1X4L1"
"BOLERO SHELLFISH PROCESSING INC.","1324","ROUTE 335"," ","ST. SIMON","NB","E8P2B2"
"PÊCHERIES STE-CÉCILE INC","136","CHEMIN LACROIX"," ","SAINTE-CÉCILE","NB","E8T2X2"
"AQUAPRIME MUSSEL RANCH LIMITED","14108","HIGHWAY #7"," ","SHIP HARBOUR","NS","B0J1Y0"
"LESLIE LEGER & SONS LTD","34","CHEMIN DE LA COTE"," ","TROIS-RUISSEAUX","NB","E4N2V7"
"MCGRAW SEAFOOD (2008) INC.","3113","RUE PRINCIPALE"," ","TRACADIE-SHEILA","NB","E1X1A2"
"B.C.D. FISHERIES LIMITED","22","LITTLE BROOK ROAD"," ","LITTLE BROOK","NS","B0W1Z0"
"BAKERS POINT FISHERIES LIMITED","33","BAKER'S POINT ROAD"," ","EAST JEDDORE","NS","B0J1W0"
"MISTY HARBOUR SEAFOOD","2304","OCEAN"," ","SAINT JOHN","NB","E2M5J4"
"BAY OF FUNDY FISHERIES LTD","120","HILLSBURN RD"," ","HILLSBURN","NS","B0S1K0"
"BARRY GROUP INC.","764","RUE PRINCIPALE"," ","LOWER NÉGUAC","NB","E9G1N5"
"OCEAN PIER INC.","20","PATTISON STREET"," ","SCOUDOUC","NB","E4P3R4"
"OUELLETTE SEA PRODUCTS LTD.","20","SHORE DRIVE"," ","PETIT-CAP","NB","E4N2K4"
"BIRCH STREET SEAFOODS LIMITED","35","BIRCH STREET"," ","DIGBY","NS","B0V1A0"
"OUELLETTE SEA PRODUCTS LTD","4","RUE BRUN"," ","PETIT-CAP","NB","E4N2E4"
"OVEN HEAD SALMON SMOKERS LTD","101","OVEN HEAD ROAD"," ","BETHEL","NB","E5C1S3"
"PÊCHERIES BELLE-ILE FISHERIES LTÉE LTD","4","RUE DU PORT"," ","SAINTE-MARIE-SUR-MER","NB","E8T1T4"
"PÊCHERIES ST-PAUL (1989) LTÉE./ST-PAUL FISHERIES (1989) LTD. (PLANT #2555)","2261","RUE INDUSTRIELLE"," ","BAS-CARAQUET","NB","E1W5Z1"
"PHILIP OUELLETTE & SONS LTD","44","CH DU QUAI CANADA"," ","PETIT-CAP","NB","E4N2G5"
"POINT QUEEN FISHERIES LTD","1207","ROUTE 172"," ","LETETE","NB","E5C3S8"
"PÊCHERIES ARSENEAU FISHERIES","221","RUE PRINCIPALE"," ","NIGADOO","NB","E8K3S8"
"THADDEE & ALVERIE FISHERIES LTD","14","CHEMIN DE L'ILES"," ","PETIT-CAP","NB","E4N2G7"
"PRODUITS BELLE BAIE LTEE","10","RUE DU QUAI CANADA"," ","CARAQUET","NB","E1W1B6"
"FUMOIR LA FÉE DES GRÈVES","1920","AVENUE"," ","QUÉBEC","QC","G1E3S3"
"ALIMENTS ED FOODS INC.","6200","RTE TRANS-CANADA"," ","POINTE-CLAIRE","QC","H9R1B9"
"CRUSTACÉS BAIE-TRINITÉ INC.","75","ROUTE 138"," ","BAIE-TRINITÉ","QC","G0H1A0"
"CRUSTACÉS DE MALBAIE INC.","1491","ROUTE 132 EST"," ","SAINT-GEORGES-DE-MALBAIE","QC","G0C2X0"
"CUSIMER (1991) INC.","54","1 IÈRE AVENUE OUEST"," ","MONT-LOUIS","QC","G0E1T0"
"E. GAGNON ET FILS LTEE","405","ROUTE 132"," ","SAINTE-THÉRÈSE-DE-GASPÉ","QC","G0C3B0"
"FERME PISCICOLE DES BOBINES INC.","1","RUE SAINT-HENRI"," ","EAST HEREFORD","QC","J0B1S0"
"FUMOIR GRIZZLY INC.","159"," "," ","SAINT-AUGUSTIN-DE-DESMAURES","QC","G3A2V5"
"CAPE BREEZE SEAFOODS LIMITED","3203","PORT LA TOUR ROAD"," ","PORT LA TOUR","NS","B0W2T0"
"LES ALIMENTS KRINOS FOODS CANADA LTD./LTEE.","5555","BOULEVARD"," ","MONTRÉAL","QC","H4R2H4"
"LA CREVETTE DU NORD ATLANTIQUE INC"," ","9 DE LA"," ","RIVIÈRE-AU-RENARD","QC","G4X5E9"
"LELIÈVRE, LELIÈVRE ET LEMOIGNAN LTÉE","52","RUE DES VIGNEAUX"," ","SAINTE-THÉRÈSE-DE-GASPÉ","QC","G0C3B0"
"CEILIDH FISHERMEN CO-OP LIMITED"," ","MURPHY'S POND ROAD"," ","PORT HOOD","NS","B0E2W0"
"CHARLESVILLE FISHERIES LIMITED","879","HWY 3"," ","LOWER EAST PUBNICO","NS","B0W2A0"
"CHASE'S LOBSTER POUND LIMITED","7935","HIGHWAY #6"," ","PORT HOWE","NS","B0L1K0"
"LES CRABIERS DU NORD INC","428","RUE PRINCIPALE"," ","PORTNEUF-SUR-MER","QC","G0T1P0"
"LES CRUSTACÉS DES MONTS INC.","1","RUE DU PARC"," ","SAINTE-ANNE-DES-MONTS","QC","G4V2V9"
"LES FRUITS DE MER DE L'EST DU QUÉBEC (1998) LTÉE","1600","MATANE-SUR-MER"," ","MATANE","QC","G4W3M6"
"LES FRUITS DE MER MADELEINE INC.","546","CHEMIN FOUGÈRE"," ","ETANG-DU-NORD","QC","G4T3B3"
" 54354 NL INC. - OLD FORT","1","MAIN ROAD"," ","OLD FORT BAY","QC","G0G2G0"
"LES PÊCHERIES GASPÉSIENNES INC.","48","RUE DES VAGUES"," ","PETIT-CAP","QC","G4X4M9"
"LES PÊCHERIES MARINARD LTÉE","41","RUE DE L'ENTREPÔT"," ","GASPÉ","QC","G4X5L3"
"LES PLATS DU CHEF ULC","51","RUE KESMARK"," ","MONTRÉAL","QC","H9B3J1"
"LES SERVICES ALIMENTAIRES DELTA DAILYFOOD (CANADA) INC.","26","RUE J MARC SÉGUIN"," ","RIGAUD","QC","J0P1P0"
"COOPÉRATIVE COMMUNAUTAIRE DE FRUITS DE MER DE LA BASSE COTE-NORD"," "," "," ","HARRINGTON HARBOUR","QC","G0G1N0"
"LA RENAISSANCE DES ÎLES INC.","18","CHEMIN DU QUAI CANADA"," ","GRANDE-ENTRÉE","QC","G4T7A1"
"CLEARWATER SEAFOODS LIMITED PARTNERSHIP","68","WATER STREET"," ","LOCKEPORT","NS","B0T1L0"
"LA RENAISSANCE DES ÎLES INC.","521","CHEMIN GROS-CAP"," ","ÉTANG-DU-NORD","QC","G4T3M1"
"POISSON SALÉ GASPÉSIEN LTÉE","39","RUE DU PARC"," ","GRANDE-RIVIÈRE","QC","G0C1V0"
"POISSONNERIE BLANCHETTE INC.","150","BOUL. PERRON"," ","SAINTE-ANNE-DES-MONTS","QC","G4V3A4"
"COMEAU'S SEA FOODS LIMITED","60","SAULNIERVILLE ROAD"," ","SAULNIERVILLE","NS","-"
"POISSONNERIE DE CLORIDORME INC.","643","ROUTE 132"," ","CLORIDORME","QC","G0E1G0"
"COMEAU'S SEA FOODS LIMITED","60"," "," ","SAULNIERVILLE","NS","-"
"POISSONNERIE DU HAVRE LTÉE","968","RUE DE LA BERGE"," ","HAVRE-SAINT-PIERRE","QC","G0G1P0"
"COMEAU'S SEA FOODS LIMITED","60","SAULNIERVILLE ROAD"," ","SAULNIERVILLE","NS","B0W2L0"
"POISSONNERIE JEAN-GUY LAPRISE INC.","142","RUE VALLILEE"," ","CHUTE-AUX-OUTARDES","QC","G0H1C0"
"POSÉIDON ""LES POISSONS ET CRUSTACÉS"" INC.","259","RUE DE LA MER"," ","LONGUE-POINTE-DE-MINGAN","QC","G0G1V0"
"FRANKLAND CANNING COMPANY","20","PATRICE ROAD"," ","CHURCH POINT","NS","B0W1M0"
"CORMIER'S FIVE ISLAND CLAMS LIMITED","93","WHARF ROAD"," ","FIVE ISLANDS","NS","B0M1K0"
"UNIPÊCHE M.D.M. (1997) LTEE","66","AVENUE DU QUAI PLANT ID 5199"," ","PASPÉBIAC","QC","G0C2K0"
"DAVE'S FRESH CLAMS","1440","GRANVILLE RD."," ","ANNAPOLIS COUNTY","NS","-"
"DEEP COVE AQUA FARMS LIMITED","5182","HIGHWAY 329"," ","BLANDFORD","NS","B0J1C0"
"DELAPS COVE FISH PRODUCTS LTD.","2680","SHORE RD WEST CANADA"," ","DELAPS COVE","NS","B0S1K0"
"SEA TIDE IMPORT & EXPORT LTD. (PLANT #1)","55","CORMIER STREET"," ","CAP-PELE","NB","E4N1N8"
"SEA TIDE IMPORT & EXPORT LTD","45","CORMIER STREET"," ","CAP-PELE","NB","E4N1N8"
"SUNCOAST SEAFOOD INC","87","CHEMIN QUAI-CAP-COCAGNE"," ","GRANDE-DIGUE","NB","E4R4H7"
"EAST SIDE FISHERIES LIMITED","337","HWY 3"," ","LOWER EAST PUBNICO","NS","B0W2A0"
"SHEDIAC LOBSTER SHOP LTD.","261","MAIN STREET"," ","SHEDIAC","NB","E4P2A6"
"EMERY SMITH FISHERIES LIMITED","5309","HWY 3"," ","SHAG HARBOUR","NS","B0W3B0"
"SOUTH SHORE TRADING CO. LTD.","36","JOHN A. TRENHOLM ROAD"," ","UPPER CAPE","NB","E4M2R6"
"CAPE BALD PACKERS LTD.","769","CHEMIN DE LA POINTE"," ","RICHIBUCTO VILLAGE","NB","E4W1G1"
"FISHERMAN'S MARKET INTERNATIONAL INCORPORATED","607","BEDFORD HIGHWAY"," ","HALIFAX","NS","B3M2L6"
"WEST INDIA TRADING CO. INC.","2086","ROUTE 950"," ","PETIT-CAP","NB","E4N2J7"
"WESTMORLAND FISHERIES LTD.","64","GAUTREAU STREET"," ","CAP-PELE","NB","E4N1V3"
"WOLFHEAD SMOKERS LTD.","420","ROUTE 172"," ","LETANG","NB","E5C1W5"
"FORT POINT FISHERIES LIMITED","107","FORT POINT ROAD"," ","SHELBURNE","NS","-"
"FOSTER'S SEAFOODS","108","CHEMIN DE LA POINTE"," ","TUSKET","NS","B0W3M0"
"GULLIVER'S COVE FISHERIES","556","GULLIVER'S COVE ROAD"," ","DIGBY","NS","B0V1A0"
"MAC'S OYSTERS LTD.","7162","SOUTH ISLAND HIGHWAY"," ","FANNY BAY","BC","V0R1W0"
"HUB CITY FISHERIES LTD.","262","SOUTHSIDE DRIVE"," ","NANAIMO","BC","V9R6Z5"
"MID-OCEAN FISHERIES LTD.","12831","CLARKE PLACE CANADA","#150","RICHMOND","BC","V6V2H9"
"AERO TRADING CO. LTD.","1080","SKEENA DRIVE"," ","PORT EDWARD","BC","V0V1G0"
"MOON ENTERPRISES INC.","11720","VOYAGEUR WAY","#2","RICHMOND","BC","V6X3G9"
"AERO TRADING CO. LTD.","200-8592","FRASER STREET"," ","VANCOUVER","BC","V5X3Y3"
"SEABORN ENTERPRISES LTD.","79","& 91 EAST KENT AVENUE NORTH CANADA"," ","VANCOUVER","BC","V5X2X5"
"CANADIAN FISHING COMPANY, A DIVISION OF JIM PATTISON ENTERPRISES LTD."," ","FOOT OF SEAL COVE ROAD"," ","PRINCE RUPERT","BC","V8J3R5"
"CANADIAN FISHING COMPANY,  A DIVISION OF JIM PATTISON ENTERPRISES LTD.","13140","RICE MILL ROAD"," ","RICHMOND","BC","V6W1A1"
"CANADIAN FISHING COMPANY, A DIVISION OF JIM PATTISON ENTERPRISES LTD.","181","GEORGE HILLS WAY"," ","PRINCE RUPERT","BC","V8J1A3"
"MARINE HARVEST CANADA INC.","7200","COHO ROAD"," ","PORT HARDY","BC","V0N2P0"
"SALISH SEA FOODS LIMITED PARTNERSHIP","820","SHAMROCK PLACE CANADA"," ","COMOX","BC","V9M4G4"
"OCEANFOOD INDUSTRIES LIMITED","11520","EBURNE WAY"," ","RICHMOND","BC","V6V2G7"
"ORCA SPECIALTY FOODS LTD.","17350","56TH AVENUE","#4","SURREY","BC","V3S1C3"
"CERMAQ CANADA PROCESSING LTD.","61","4TH STREET"," ","TOFINO","BC","-"
"BAYNES SOUND OYSTER CO. LTD.","5848","ISLAND HIGHWAY"," ","UNION BAY","BC","V0R3B0"
"PACIFIC NORTHWEST SHELLFISH COMPANY LTD.","8851","BECKWITH ROAD","#150","RICHMOND","BC","V6X1V4"
"HEILTSUK FISHERIES MANAGEMENT LTD."," ","FOOT OF MCLOUGHLIN BAY ROAD"," ","BELLA BELLA 1","BC","V0T1Z0"
"PACIFIC RIM SHELLFISH (2003) CORP.","1807","MAST TOWER ROAD"," ","VANCOUVER","BC","V6H3X7"
"BEST HONOUR INTERNATIONAL SEAFOOD LTD.","11786","RIVER ROAD","#126","RICHMOND","BC","V6X1Z7"
"BLUNDELL SEAFOODS LTD.","11351","RIVER ROAD"," ","RICHMOND","BC","V6X1Z6"
"KEYSTONE MERCHANDISING","4751","SHELL ROAD","#12","RICHMOND","BC","V6X3H4"
"PALADIN INTERNATIONAL FOOD SALES LTD.","12671","BATHGATE WAY","#9","RICHMOND","BC","V6V1Y5"
"THE PENDER HARBOUR FISHING CO. LTD","13067","HASSAN ROAD"," ","MADEIRA PARK","BC","V0N2H0"
"BROWN'S BAY PACKING COMPANY LTD.","15007","BROWN'S BAY ROAD"," ","CAMPBELL RIVER","BC","V9H1N9"
"CAMPBELL RIVER FISHING CO. LTD.","1330","HOMEWOOD ROAD"," ","CAMPBELL RIVER","BC","V9W3N7"
"S. M. PRODUCTS (B.C.) LTD.","3827","RIVER ROAD WEST CANADA"," ","DELTA","BC","V4K3N2"
"PACIFIC SALMON INDUSTRIES INC. O/A SCANNER ENTERPRISES","8305","128TH STREET"," ","SURREY","BC","V3W4G1"
"SEA WORLD FISHERIES LTD.","1708","PANDORA STREET"," ","VANCOUVER","BC","V5L1L9"
"KELTIC SEAFOODS LIMITED","8625","GLENVIEW ROAD"," ","PORT HARDY","BC","V0N2P0"
"HAIDA WILD LIMITED PARTNERSHIP","1620","OLD BEACH ROAD"," ","MASSET","BC","V0T1M0"
"ST. JEAN'S COAST MOUNTAIN RESOURCES INC.","242","SOUTHSIDE DRIVE"," ","NANAIMO","BC","V9R6Z5"
"SUNG FISH COMPANY LIMITED","1795","PANDORA STREET"," ","VANCOUVER","BC","V5L1L8"
"TIMOTHY OYSTER CO. LTD.","5035","PATON ROAD"," ","LADYSMITH","BC","V9G1M6"
"TRI-STAR SEAFOOD SUPPLY LTD.","11751","VOYAGEUR WAY"," ","RICHMOND","BC","V6X3J4"
"UCLUELET HARBOUR SEAFOODS LTD.","1661","CEDAR ROAD"," ","UCLUELET","BC","V0R3A0"
"CLOVERDALE COLD STORAGE LTD. #2","3133","188TH STREET"," ","SURREY","BC","V3Z9V5"
"COOPER'S COVE OYSTER FARM LTD.","6377","BELVISTA PLACE CANADA"," ","SOOKE","BC","V9Z0S9"
"COOPER'S COVE OYSTER FARM LTD.","6377","BELVISTA PLACE CANADA"," ","SOOKE","BC","V9Z0S9"
"DOLLAR FOOD MANUFACTURING INC.","1410","1450 ODLUM DRIVE"," ","VANCOUVER","BC","V5L4X7"
"E-FISH-ENT FISH COMPANY LTD.","1941","GOODRIDGE ROAD"," ","SOOKE","BC","V9Z0C6"
"EVERGREEN INTERNATIONAL FOODSTUFFS LTD.","1944","FRANKLIN STREET"," ","VANCOUVER","BC","V5L1R2"
"SEA DRIFT FISH COMPANY LTD.","248","SOUTHSIDE DRIVE"," ","NANAIMO","BC","V9R6Z5"
"TAYLOR SHELLFISH CANADA ULC DBA FANNY BAY OYSTERS","8260","SOUTH ISLAND HIGHWAY"," ","FANNY BAY","BC","V0R1W0"
"TAYLOR SHELLFISH CANADA ULC","8260","SOUTH ISLAND HIGHWAY"," ","FANNY BAY","BC","V0R1W0"
"SOO JERKY LIMITED","13191","PRINCESS STREET"," ","RICHMOND","BC","V7E3S1"
"FRENCH CREEK SEAFOOD LTD.","1097","LEE ROAD"," ","PARKSVILLE","BC","V9P2E1"
"TAIWAN FOOD PRODUCTS LTD.","#10A 8145","130TH STREET"," ","SURREY","BC","V3W7X4"
"GRAND HALE MARINE PRODUCTS COMPANY LIMITED","11551","TWIGG PLACE CANADA"," ","RICHMOND","BC","V6V2Y2"
"GREAT GLACIER SALMON LTD."," ","MILE 35"," ","PRINCE RUPERT","BC","-"
"CIWA INVESTMENTS CO. LTD. DBA HING LEE SEAFOODS","12671","BATHGATE WAY","#8","RICHMOND","BC","V6V1Y5"
"DELTA PACIFIC SEAFOODS LTD.","6001","60TH AVENUE"," ","DELTA","BC","V4K4E2"
"ISLAND SCALLOPS LTD.","5552","WEST ISLAND HIGHWAY"," ","QUALICUM BEACH","BC","V9K2C8"
"KANATA HOLDINGS LTD. DBA ORCA SEAFOODS LTD.","200","11251 RIVER ROAD"," ","RICHMOND","BC","V6X1Z6"
"DIANA'S SEAFOOD","2101","LAWRENCE AVENUE EAST CANADA"," ","SCARBOROUGH","ON","M1R2Z4"
"KITASOO SEAFOODS LTD."," ","GENERAL DELIVERY"," ","KLEMTU","BC","V0T1L0"
"COAST TSIMSHIAN FISH PLANT LTD.","100","SHASHAAK STREET"," ","LAX KW'ALAAMS","BC","V0V1H0"
"LEADER COLD STORAGE LTD.","3900","VIKING WAY"," ","RICHMOND","BC","V6V1N6"
"ALL TEMP FOODS LTD","15","INDUSTRIAL ROAD"," ","LEAMINGTON","ON","N8H4W4"
"LIONS' GATE FISHERIES LTD.","4179","RIVER ROAD WEST CANADA"," ","DELTA","BC","V4K1R9"
"ALLSEAS FISHERIES CORP.","55","VANSCO ROAD"," ","TORONTO","ON","M8Z5Z8"
"LIONS' GATE FISHERIES LTD.","612","CAMPBELL STREET"," ","TOFINO","BC","V0R2Z0"
"BOS SMOKED FISH INC","1175","PATTULLO AVENUE"," ","WOODSTOCK","ON","N4S7W3"
"(A DIVISION OF COLE-MUNRO FOODS INC)","54","VANKOOGHNET ST E"," ","LITTLE CURRENT","ON","POP1K0"
"COLE-MUNRO FOODS GROUP INC.","5","BARRIE BOULEVARD CANADA"," ","ST. THOMAS","ON","N5P4B9"
"CANYON CREEK FOOD COMPANY LTD.","8704","53RD AVENUE"," ","EDMONTON","AB","T6E5G2"
"ETOBICOKE NOODLES INC.","66","NEWCASTLE STREET"," ","TORONTO","ON","M8Y1A4"
"FEATURE FOODS INTERNATIONAL INC.","30","FINLEY ROAD"," ","BRAMPTON","ON","L6T1A9"
"FERROCLAD FISHERY","24","FERROCLAD ROAD"," ","BATCHAWANA BAY","ON","P0S1A0"
"FRESHWATER FISH MARKETING CORPORATION"," "," "," ","WINNIPEG","MB","R2C3L4"
"SOFINA FOODS INC./ ALIMENTS SOFINA INC.","401","CANARCTIC DRIVE"," ","TORONTO","ON","M3J2P9"
"LA NASSA SEAFOOD","215","INDUSTRY ROAD"," ","KINGSVILLE","ON","N9Y1K9"
"INDEPENDENT FISH CO LTD","941","SHERBROOK STREET"," ","WINNIPEG","MB","R3A1N3"
"MARINER NEPTUNE FISH & SEAFOOD CO LTD","472","DUFFERIN AVE CANADA"," ","WINNIPEG","MB","R2W2Y6"
"MINOR FISHERIES LTD.","1070","ELM STREET"," ","PORT COLBORNE","ON","L3K5V5"
"WILD WEST STEELHEAD"," ","NE Q 21-23-07 W3"," ","LUCKY LAKE","SK","S0L1Z0"
"OCEAN FOOD COMPANY LIMITED","3","TURBINA AVENUE"," ","SCARBOROUGH","ON","M1V5G3"
"PACIFIC FRESH FISH LTD.","679","HENDERSON DRIVE"," ","REGINA","SK","S4N6A8"
"PRESTEVE FOODS LIMITED","20954","ERIE STREET SOUTH"," ","WHEATLEY","ON","N0P2P0"
"PURDY FISHERIES LTD."," "," "," ","POINT EDWARD","ON","-"
"POS BIO-SCIENCES","118","VETERINARY ROAD"," ","SASKATOON","SK","S7N2R4"
"SEACORE SEAFOOD INC.","81","AVIVA PARK DRIVE"," ","WOODBRIDGE","ON","L4L9C1"
"THE PURVIS BROS. LIMITED","1981","BURNT ISLAND ROAD"," ","BURNT ISLAND","ON","P0P1Y0"
"LES PLATS DU CHEF ULC","610","OSTER LANE"," ","VAUGHAN","ON","L4K2C1"
"TRUE NORTH SALMON LIMITED PARTNERSHIP","17","WALKER DRIVE"," ","CHARLOTTETOWN","PE","C1A8S5"
"BELLE RIVER ENTERPRISES LIMITED","12","WATERVIEW LANE"," ","BELLE RIVER","PE","C0A1B0"
"BURLEIGH BROS. SEAFOODS LTD","224","BURLEIGH ROAD"," ","ELLERSLIE","PE","C0B1J0"
"COUNTRY QUEEN FOODS INC.","205","WILKINSON ROAD"," ","BRAMPTON","ON","L6T4M2"
"F T C ENTERPRISES LIMITED","101","BELVEDERE AVENUE"," ","CHARLOTTETOWN","PE","C1A6B3"
"MACKINNON'S LOBSTER POUND LTD.","2","PRINCE ST."," ","CHARLOTTETOWN","PE","C1A4P5"
"P.E.I. MUSSEL KING (1994) INC.","318","RED HEAD ROAD"," ","RED HEAD","PE","C0A1S0"
"INOVATA FOODS CORP.","95","SPRUCE ST"," ","TILLSONBURG","ON","N4G5C4"
"ICY WATERS LTD."," ","KM 4.2 FISH LAKE ROAD"," ","WHITEHORSE","YT","-"
"PRINCE EDWARD AQUA FARMS INC","5891","ROUTE 20"," ","SPRINGBROOK","PE","C0B1M0"
"RASPBERRY POINT OYSTER CO INC","9539","CAVENDISH ROAD"," ","BAYVIEW","PE","C011N0"
"ROYAL STAR FOODS LTD.","175","JUDES POINT ROAD"," ","TIGNISH","PE","C0B2B0"
"ROYAL STAR FOODS LTD.","439","FOUNDERS LANE"," ","TIGNISH","PE","C0B2B0"
"OCEAN CONCORD","428","MAIN STREET"," ","MULGRAVE","NS","B0E2G0"
"SEAFOOD 2000 LTD","10","WATER STREET"," ","GEORGETOWN","PE","C0A1L0"
"OCEAN PRAWNS"," ","WATER STREET"," ","HARBOUR GRACE","NL","-"
"SUMMERSIDE SEAFOOD SUPREME INC.","105","QUEEN'S WHARF"," ","SUMMERSIDE","PE","C1N2V5"
"TRACADIE BAY AQUA FARMS INC.","460","HARBOUR ROAD"," ","GRAND TRACADIE","PE","C0A1P0"
"KIVALLIQ ARCTIC FOODS LTD"," ","PTN LOT 40 PLAN 603"," ","RANKIN INLET","NU","X0C0G0"
"KITIKMEOT FOODS LTD","15","MITIK STREET"," ","CAMBRIDGE BAY","NU","X0B0C0"
"PANGNIRTUNG FISHERIES LTD.","653","LAKESHORE RD"," ","PANGNIRTUNG","NU","-"
"3 T'S LIMITED","24","WATER ST"," ","WOODY POINT","NL","A0K1P0"
"ALLEN'S FISHERIES LIMITED","392","MAIN STREET"," ","BENOIT'S COVE","NL","A0L1A0"
"GUNNING COVE INDUSTRIES LIMITED","601","SHORE ROAD"," ","SHELBURNE","NS","B0T1W0"
"CAPITAL SEAFOOD INTERNATIONAL INCORPORATED","100","GOVERNMENT WHARF ROAD"," ","EASTERN PASSAGE","NS","B3G1M5"
"MICHEL & CHARLES LEBLANC FISHERIES LTD.","61","RUE GAUTREAU"," ","CAP-PELE","NB","E4N1V2"
"HERVIC ENTERPRISES LIMITED","2896","MELBOURNE ROAD"," ","YARMOUTH","NS","B0W1B0"
"HOPKINS & DEVINE FISHERIES LIMITED","6579","HIGHWAY 3"," ","WOODS HARBOUR","NS","B0W2E0"
"CAPTAIN DAN'S INC","320","CHEMIN CAP-LUMIÈRE"," ","CAP-LUMIÈRE","NB","E4W1E2"
"HUSKINS FISHERIES LIMITED","954","FORBES POINT ROAD"," ","WOODS HARBOUR","NS","-"
"IMO FOODS LIMITED"," "," "," ","YARMOUTH","NS","B5A4B2"
"ALLEN'S FISHERIES LIMITED","420","MAIN STREET"," ","BENOIT'S COVE","NL","A0L1A0"
"ANDREW DALEY LIMITED ""ROYAL MARINER"""," ","MAIN ROAD"," ","ST. JOSEPH'S","NL","-"
"AQUA CRAB PRODUCERS INC.","54","LOOP ROAD"," ","AQUAFORTE","NL","-"
"ATLANTIC TREASURE SEAFOODS LIMITED","88","SOUTHSIDE ROAD"," ","COLEY'S POINT","NL","-"
"AVALON OCEAN PRODUCTS, INCORPORATED"," ","MAIN ROAD"," ","FAIR HAVEN","NL","AOB1T0"
"BARRY GROUP INC.","433","GRIFFIN DRIVE"," ","CORNER BROOK","NL","-"
"BAY ROBERTS SEAFOODS LIMITED","208","WATER ST"," ","BAY ROBERTS","NL","-"
"GULF SHRIMP LIMITED"," "," "," ","BAIE VERTE","NL","A0K1B0"
"QUIN-SEA FISHERIES LIMITED","40","HARBOUR ROAD"," ","CAPE BROYLE","NL","A0A1P0"
"CARINO PROCESSING LTD.","1","FISH PLANT RD"," ","SOUTH DILDO","NL","A0B1R0"
"CARROLL'S STORE AND FISHERIES LIMITED","53","OCEAN VIEW ROAD"," ","COOK'S HARBOUR","NL","-"
"""ACADIENNE GALE II"""," "," "," ","BAY ROBERTS","NL","A1N4R7"
"JAMES L. MOOD FISHERIES LIMITED","130","FALLS POINT ROAD"," ","WOODS HARBOUR","NS","B0W2E0"
"FAME FISHERIES LIMITED ""NEWFOUND PIONEER""","157","WATER STREET"," ","BAY ROBERTS","NL","A0A1G0"
"K&N FISHERIES LIMITED","130","SEAL POINT ROAD"," ","UPPER PORT LATOUR","NS","B0W3N0"
"DOUG NORMAN & SONS LIMITED"," ","DELANEY'S ROAD"," ","FOXTRAP","NL","-"
"EASTERN FISH MARKETS LIMITED","54","MAIN STREET SOUTH"," ","CARMANVILLE","NL","A0G1N0"
"LEO G. ATKINSON FISHERIES LIMITED","89","DANIEL'S HEAD RD."," ","SHELBURNE COUNTY","NS","B0W1P0"
"M.V. NORTHERN EAGLE","385","PURVES STREET"," ","NORTH SYDNEY","NS","B2A3M3"
"FOGO ISLAND CO-OPERATIVE SOCIETY LIMITED","147","SOUTHSIDE ROAD"," ","JOE BATT'S ARM","NL","A0G2X0"
"FOGO ISLAND CO-OPERATIVE SOCIETY LIMITED","22-24","GARRISON ROAD"," ","FOGO","NL","A0G2B0"
"MERSEY SEAFOODS LIMITED","26","BRISTOL AVENUE"," ","LIVERPOOL","NS","B0T1K0"
"MERSEY VENTURE","50","WHARF ROAD"," ","STORMONT","NS","B0H1J0"
"HIGH LINER FOODS INCORPORATED/LES ALIMENTS HIGH LINER INCORPOREE","100","BATTERY"," ","LUNENBURG","NS","B0J2C0"
"NORTH NOVA SEAFOODS LIMITED","164","NORTH NOVA LANE"," ","PICTOU","NS","B0K1H0"
"GOULD'S FISHERIES LIMITED","32","MAIN ST"," ","RIVER OF PONDS","NL","A0K4M0"
"O'NEIL FISHERIES LIMITED","144","WATER STREET"," ","DIGBY","NS","B0V1A0"
"OCEAN CHOICE INTERNATIONAL L.P.","262-264","HARBOUR DRIVE"," ","LAWN","NL","-"
"OCEAN CHOICE INTERNATIONAL L.P."," ","WATER STREET WEST CANADA"," ","ST. LAWRENCE","NL","-"
"OCEAN PRIDE FISHERIES LIMITED","136","JACQUARD ROAD"," ","YARMOUTH COUNTY","NS","B0W2B0"
"OCEANS' BEST SEAFOOD LIMITED","8630","HWY 1"," ","METEGHAN CENTRE","NS","B0W2K0"
"GREEN SEAFOODS LIMITED"," "," "," ","WINTERTON","NL","-"
"PITTMAN'S LOBSTERS INC.","40","HARBOUR STREET"," ","GLACE BAY","NS","-"
"H. HOPKINS LTD.","2","TUCKERS COVE ROAD"," ","COW HEAD","NL","A0K2A0"
"HAPPY ADVENTURE SEA PRODUCTS (1991) LIMITED","16","PLANT RD"," ","HAPPY ADVENTURE","NL","-"
"PREMIUM SEAFOODS LIMITED","616","VETERAN'S MEMORIAL DRIVE"," ","ARICHAT","NS","B0E1A0"
"PUBNICO TRAWLERS LIMITED","155","HIGHWAY 3"," ","LOWER EAST PUBNICO","NS","B0W2A0"
"R. BAKER FISHERIES LIMITED","32","WATER STREET"," ","LOCKEPORT","NS","B0T1L0"
"OCEANS' BEST SEAFOOD LIMITED  (M/V FINAL VENTURE)","8632","HIGHWAY 1"," ","CANSO","NS","B0H1H0"
"HARBOUR SEAFOODS LIMITED","93","MAIN STREET SOUTH"," ","ROCKY HARBOUR","NL","A0K4N0"
"HSF OCEAN PRODUCTS LTD."," ","MAIN ROAD"," ","O'DONNELLS","NL","A0B3A0"
"SABLE FISH PACKERS (1988) LIMITED","377","DANIELS HEAD ROAD"," ","SHELBURNE COUNTY","NS","B0W1P0"
"SALT WATER FISHERIES LIMITED","2879","PINKNEY'S POINT"," ","YARMOUTH COUNTY","NS","-"
"SCHOONER SEAFOODS LIMITED","51","DOUCET WHARF ROAD"," ","YARMOUTH COUNTY","NS","B0W2B0"
"J.W. HISCOCK SONS LIMITED","14","KEATINGS ROAD."," ","BRIGUS","NL","A0A1K0"
"SEA BROOK FISHERIES LIMITED","12568","HIGHWAY 217"," ","DIGBY","NS","-"
"SEA CREST FISHERIES LIMITED","30","COMEAUVILLE WHARF RD"," ","COMEAUVILLE","NS","-"
"LABRADOR FISHERMEN'S UNION SHRIMP COMPANY LIMITED (PINSENT'S ARM)","1","MAIN ST"," ","PINSENTS ARM","NL","A0K5Y0"
"SEA STAR SEAFOODS LIMITED","69","COURTNEY STREET"," ","CLARK'S HARBOUR","NS","BOW1P0"
"LABRADOR FISHERMEN'S UNION SHRIMP COMPANY LIMITED","278 284","MAIN STREET"," ","MARY'S HARBOUR","NL","-"
"LABRADOR FISHERMEN'S UNION SHRIMP COMPANY LIMITED","1","MAIN ROAD"," ","CARTWRIGHT","NL","A0K1Z0"
"LABRADOR FISHERMEN'S UNION SHRIMP COMPANY LIMITED","46-48","WATERFRONT ROAD"," ","L'ANSE-AU-LOUP","NL","A0K3L0"
"LEADING TICKLES SEAFOODS INC.","1","MAIN ROAD"," ","LEADING TICKLES","NL","-"
"NORTH ATLANTIC AQUAPONICS LTD."," ","MAIN ROAD"," ","ROBINSONS","NL","-"
"SHOALWATER SEAFOODS LIMITED","2371","HWY # 1"," ","ANNAPOLIS COUNTY","NS","B0S1A0"
"R.I. SMITH LOBSTER CO. LTD."," "," "," ","SHAG HARBOUR","NS","B0W3B0"
"SIMPLY FRESH SEAFOODS INC.","109","BOUNDARY STREET"," ","CLARK'S HARBOUR","NS","B0W1P0"
"I. DEVEAU FISHERIES LIMITED","508","HIGHWAY 330"," ","NORTH EAST POINT","NS","B0W2P0"
"W. SEARS SEAFOODS LIMITED","44","FISH PLANT ROAD"," ","THE HAWK","NS","B0W1P0"
"ATLANTIC AQUA FARMS LTD.","10","BORDEN AVENUE"," ","BORDEN-CARLETON","PE","COB1X0"
"QUALITY SEAFOODS LIMITED","306","HILTON ROAD"," ","ROCKVILLE","NS","B5A4B3"
"TERRA VISTA LIMITED","188 B","MAIN ST. NORTH CANADA"," ","GLOVERTOWN","NL","A0G2L0"
"GOLDEN SHELL FISHERIES (2014) LIMITED","1","WHARF ROAD"," ","HICKMAN'S HARBOUR","NL","A0C1P0"
"LOUISBOURG SEAFOODS LIMITED","3","COMMERCIAL STREET"," ","LOUISBOURG","NS","B1C1B5"
"INTERCITY PACKERS LTD.","6880","PACIFIC CIRCLE"," ","MISSISSAUGA","ON","L5T1N8"
"A & L SEAFOODS LIMITED","20","MINTO STREET"," ","LOUISBOURG","NS","B1C1L1"
"ARCTIC PEARL ICE & COLD STORAGE LTD","2500","VISCOUNT WAY"," ","RICHMOND","BC","V6V1N1"
"TRANSFORMATION SEAFOODS INC.","8488","HWY #3"," ","CHARLESVILLE","NS","-"
"CLEAR BAY FISHERIES INC.","12200","VULCAN WAY","#13 16","RICHMOND","BC","V6V1J8"
"ATLANTIC AQUA FARMS LTD.","918","BRUSH WHARF ROAD"," ","ORWELL COVE","PE","C0A2E0"
"WALCAN SEAFOOD  LTD.","2025","HYACINTHE BAY ROAD"," ","HERIOT BAY","BC","V0P1H0"
"CAPE BALD PACKERS, LIMITED","2618","CHEMIN ACADIE ROAD"," ","CAP-PELE","NB","E4N1E3"
"BEOTHIC FISH PROCESSORS LIMITED","9","BEOTHIC RD"," ","VALLEYFIELD","NL","AOG1B0"
"RAYMOND O'NEILL & SON FISHERIES LTD.","221","ESCUMINAC ROAD"," ","ESCUMINAC","NB","E9A1V6"
"ICEWATER SEAFOODS INC.","22-24","HIGH LINER DRIVE"," ","ARNOLD'S COVE","NL","A0B1A0"
"HOWARD'S COVE SHELLFISH LTD.","152","FREDERICK COVE RD"," ","FREELAND","PE","C0B1J0"
"L & C FISHERIES INC.","96","JOLLIMORE ROAD"," ","KENSINGTON","PE","C0B1M0"
"HOPKINS & DEVINE FISHERIES LIMITED","6579"," "," ","SHELBURNE COUNTY","NS","B0W2E0"
"TRUE WORLD FOODS, INC. OF CANADA","40","GOODICK ROAD"," ","SHELBURNE","NS","B0T1W0"
"CRANE COVE SEAFOODS LIMITED PARTNERSHIP","4123","SHORE RD"," ","ESKASONI","NS","B1W1C2"
"SEAGATE FISHERIES LTD.","12180","VULCAN WAY"," ","RICHMOND","BC","V6V1J8"
"VAN SEA'S WHOLESALE PROCESSING INC.","3777","KEITH STREET"," ","BURNABY","BC","V5J3B9"
"BAXTERS CANADA INC.","4800","AVE."," ","SAINT-HYACINTHE","QC","J2S8E1"
"PÉCHERIES BAS-CARAQUET FISHERIES INC.","2270","RUE INDUSTRIELLE"," ","BAS-CARAQUET","NB","E1W5Z2"
"OCEAN PRIDE FISHERIES LIMITED","138","JACQUARD RD"," ","LOWER WEDGEPORT","NS","B0W2BO"
"THREE PORTS FISHERIES LIMITED","897","ALDER POINT ROAD"," ","ALDER POINT","NS","B1Y1B3"
"CAPTAIN COOKE'S SEAFOOD INC.","23675","TRANS CANADA HIGHWAY"," ","BORDEN-CARLETON","PE","C0B1X0"
"APETITO CANADA LIMITED","12","INDELL LANE"," ","BRAMPTON","ON","L6T3Y3"
"GERRET ENTERPRISES INCORPORATED","58","BOUNDARY STREET"," ","CLARK'S HARBOUR","NS","B0W1P0"
"LIMBERIS SEAFOOD PROCESSING LTD.","5025","LIMBERIS DRIVE"," ","LADYSMITH","BC","V9G1M6"
"MACGREGOR MEAT & SEAFOOD LTD.","258","GARYRAY DRIVE"," ","TORONTO","ON","M9L1P1"
"PETIT DE GRAT PACKERS LIMITED","24"," "," ","PETIT DE GRAT","NS","-"
"ALBION FARMS AND FISHERIES"," ","GOVERNMENT WHARF"," ","QUEEN CHARLOTTE","BC","V0T1S0"
"FGC FOODS LTD.","5451","275TH STREET"," ","LANGLEY","BC","V4W3X8"
"USINE COWIE","660","RUE BERNARD"," ","GRANBY","QC","J2J0H6"
"ATLANTIC SHELLFISH PRODUCTS INC.","306","RED HEAD ROAD"," ","MORELL","PE","C0A1S0"
"LESLIE HARDY & SONS LTD.","84","FOSTER SHARP ROAD"," ","BIDEFORD EAST","PE","C0B1J0"
"EAST RIVER SHELLFISH INC.","10","MACDONALD ROAD"," ","GLENFINNAN","PE","C1A7J8"
"SUNWEST FOOD PROCESSORS LTD.","35","NORTHLAND ROAD"," ","WATERLOO","ON","N2V1Y8"
"INNOVATIVE FISHERY PRODUCTS INCORPORATED","3569","HWY 1"," ","ST. BERNARD","NS","B0W1J0"
"INNOVATIVE FISHERY PRODUCTS INCORPORATED","3569","HIGHWAY 1"," ","ST. BERNARD","NS","B0W1J0"
"EEL LAKE OYSTER FARM LTD.","6590","HIGHWAY 3"," ","YARMOUTH","NS","B0W2X0"
"ATKINS ET FRÈRES INC.","1","CHANOINE RICHARD"," ","MONT-LOUIS","QC","G0E1T0"
"CANADIAN FISHING COMPANY"," ","FOOT OF GORE AVENUE"," ","VANCOUVER","BC","V6A2Y7"
"L'ASSOCIATION COOPÉRATIVE DES PÊCHEURS DE L'ILE LIMITÉE","90","RUE PRINCIPALE"," ","LAMÈQUE","NB","E8T1M8"
"CAMPBELL COMPANY OF CANADA/COMPAGNIE CAMPBELL DU CANADA","60","BIRMINGHAM STREET"," ","TORONTO","ON","M8V2B8"
"CLOVERDALE COLD STORAGE LTD. #1","3177","188TH STREET"," ","SURREY","BC","V3Z9V5"
"SUNSET COAST TOWING LTD.","7124","THUNDER BAY STREET"," ","POWELL RIVER","BC","V8A1E6"
"LABRADOR FISHERMEN'S UNION SHRIMP COMPANY LIMITED","1","MARINE DRIVE"," ","CHARLOTTETOWN","NL","A0K5Y0"
"INLET SEAFOODS LIMITED","97","DANIEL'S HEAD RD"," ","SHELBURNE COUNTY","NS","-"
"DORMAN ROBERTS LIMITED","363","MAIN ST."," ","TRITON","NL","A0J1V0"
"SAKURA SEAFOOD CO. LTD.","295","BAYVIEW DRIVE","#293","PORT EDWARD","BC","V0V1G0"
"COMEAU'S SEA FOODS LIMITED","1065","ROUTE 3"," ","MIDDLE WEST PUBNICO","NS","B0W2A0"
"LEF MCLEAN BROTHERS INTERNATIONAL (2001) INC.","20912","ERIE ST SOUTH"," ","WHEATLEY","ON","N0P2P0"
"CAMPBELL RIVER SEAFOODS & LOCKERS LTD.","1900","NORTH ISLAND HIGHWAY"," ","CAMPBELL RIVER","BC","V9W2G2"
"COASTWISE PROCESSORS INC.","9548","192ND STREET","#11","SURREY","BC","V4N3R9"
"CAPE JOHN CRABS & SEAFOODS LIMITED","1351","CAPE JOHN RD"," ","RIVER JOHN","NS","B0K1N0"
"KEYBRAND FOODS","23","FOURTH STREET"," ","CHARLOTTETOWN","PE","C1E2B4"
"E. GAGNON ET FILS LTÉE","18","RUE DU HAVRE"," ","SAINTE-THÉRÈSE-DE-GASPÉ","QC","G0C3B0"
"PATUREL INTERNATIONAL COMPANY","349","NORTHERN HARBOUR ROAD"," ","NORTHERN HARBOUR","NB","E5V1G6"
"COLVILLE BAY OYSTER CO. LTD.","83","LOWER ROLLO BAY RD"," ","SOURIS","PE","C0A2B0"
"LES FUMOIRS GASPÉ CURED INC.","65","RUE DE LA STATION"," ","CAP D'ESPOIR","QC","G0C 1G"
"L'ÉTANG RUISSEAU BAR LIMITÉE","111","RUE POINTE-BRÛLÉE"," ","SHIPPAGAN","NB","E8S3H9"
"LIMBERIS SEAFOOD PROCESSING LTD.","5025","LIMBERIS DRIVE"," ","LADYSMITH","BC","V9G1M6"
"TRUE NORTH SALMON LIMITED PARTNERSHIP","180","BRUNSWICK STREET"," ","BLACKS HARBOUR","NB","E5H1G6"
"VICTORY'S KITCHEN LTD","30","GUNNS ROAD","UNIT","TORONTO","ON","M6N3S5"
"LA MAISON BEAUSOLEIL INC.","42","RUE OTHO"," ","NEGUAC","NB","E9G4H3"
"NEWLY WEDS FOODS CO.","450","SUPERIOR BLVD. CANADA"," ","MISSISSAUGA","ON","L5T2R9"
"C.B. ISLAND FISHERIES LTD.","1160","HIGHWAY 16"," ","MASSET","BC","V0T1M0"
"STELLAR BAY SHELLFISH  LTD.","7400","ISLAND HIGHWAY WEST CANADA"," ","BOWSER","BC","V0R1G0"
"PATUREL INTERNATIONAL COMPANY","14","WATER STREET"," ","YARMOUTH","NS","B5A4K9"
"KENNEY & ROSS, LIMITED","6493","SHORE ROAD RR 3"," ","PORT SAXON","NS","B0T1W0"
"CAPE SABLE LOBSTER COMPANY","2052","HIGHWAY 330"," ","NEWELLTON","NS","B0W1G0"
"CAUDLES CATCH SEAFOOD LTD","60","OTONABEE DRIVE"," ","KITCHENER","ON","N2C1L6"
"LE GROUPE ALIMENTAIRE NORDIQUE INC.","2592","RANG ST-JOSEPH"," ","SAINTE-PERPÉTUE","QC","J0C1R0"
"FUTURE SEAFOODS INC.","358","NEW ROAD"," ","FERNWOOD","PE","C0B1C0"
"ATLANTIC ENTERPRISE"," ","WATER STREET"," ","HARBOUR GRACE","NL","-"
"CODROY SEAFOODS INC.","1","WHARF ROAD"," ","CODROY","NL","-"
"QUIN-SEA FISHERIES LIMITED"," ","QUAY ROAD"," ","CUPIDS","NL","-"
"CAPTAIN DAN'S INC.","341","CAP-LUMIÈRE ROAD"," ","RICHIBUCTO VILLAGE","NB","E4W1C9"
"CLEARWATER SEAFOODS LIMITED PARTNERSHIP","70","WATER STREET"," ","LOCKEPORT","NS","B0T1L0"
"CLEARWATER SEAFOODS LIMITED PARTNERSHIP","60","BELL ST."," ","GLACE BAY","NS","B1A6C9"
"CLEARWATER SEAFOODS LIMITED PARTNERSHIP","757","BEDFORD HIGHWAY"," ","BEDFORD","NS","B4A3Z7"
"CLEARWATER SEAFOODS LIMITED PARTNERSHIP","1","PLANT ROAD"," ","GRAND BANK","NL","A0E1W0"
"ARCTIC ENDURANCE","428","MAIN ST"," ","MULGRAVE","NS","B0E2G0"
"SCOTIA GARDEN SEAFOOD INCORPORATED","112","WATER STREET"," ","YARMOUTH","NS","B5A4K5"
"MERSEY PHOENIX","50","WHARF ROAD"," ","STORMONT","NS","B0J1H0"
"OCEAN TROUT FARMS, A DIVISION OF COLDWATER FISHERIES INC","127","SEAL POINT ROAD"," ","UPPER PORT LA TOUR","NS","B0W3N0"
"RONNIE TRADING CO. LTD.","2160 12191","HAMMERSMITH WAY"," ","RICHMOND","BC","V7A5H2"
"ATLANTIC DESTINY","140","KRAUT POINT ROAD"," ","RIVERPORT","NS","B0J2W0"
"FOGO ISLAND CO-OPERATIVE SOCIETY LIMITED","85","HARBOUR DRIVE"," ","SELDOM","NL","A0G3Z0"
"BARRY GROUP INC."," ","MAIN ROAD"," ","COX'S COVE","NL","-"
"PREMIUM FOOD SALES LTD.","12671","BATHGATE WAY","#6","RICHMOND","BC","V6V1Y5"
"BARRY GROUP INC."," ","MAIN ROAD"," ","DOVER","NL","A0G1X0"
"BARRY GROUP INC."," ","MAIN ROAD"," ","WITLESS BAY","NL","-"
"LABRADOR FISHERMEN'S UNION SHRIMP COMPANY LIMITED(BELLE ISLE BANKER)"," "," "," ","L'ANSE-AU-LOUP","NL","A0K3L0"
"LABRADOR FISHERMEN'S UNION SHRIMP COMPANY LIMITED","46-48","WATERFRONT ROAD"," ","L'ANSE-AU-LOUP","NL","A0K3L0"
"HARDY BUOYS SMOKED FISH INC.","9300","TRUSTEE ROAD"," ","PORT HARDY","BC","V0N2P0"
"BST LOBSTER SALES LIMITED","13318","104 HIGHWAY"," ","AULDS COVE","NS","B0H1P0"
"GULF SHRIMP LIMITED"," ","GENERAL DELIVERY"," ","BLACK DUCK COVE","NL","A0K1M0"
"PÊCHERIES BAIE CHALEURS FISHERIES (2012) INC.","2261","RUE DU QUAI CANADA"," ","BAS-CARAQUET","NB","E1W5X9"
"CUISINE MALIMOUSSE INC.","75"," "," ","SAINT-AUGUSTIN","QC","G3A1T5"
"KATSHESHUK FISHERIES LTD.  ""KATSHESHUK II""","119","WATER ST"," ","HARBOUR GRACE","NL","A0A2M0"
"BENTO INC.","19","SKAGWAY AVE CANADA"," ","SCARBOROUGH","ON","M1M3T9"
"DOM INTERNATIONAL LIMITED","10","GOLDEN GATE COURT"," ","TORONTO","ON","M1P3A5"
"FIVE STAR SHELLFISH INC.","1066","MILLIGAN'S WHARF ROAD"," ","ELLERSLIE","PE","C0B1J0"
"LES ALIMENTS TRANS GRAS INC.","1175","BERGERON"," ","DRUMMONDVILLE","QC","J2C6Y1"
"DAWN TILL DUSK SEAFOODS LIMITED","697"," "," ","SHELBURNE COUNTY","NS","B0W3B0"
"R.I. SMITH LOBSTER CO. LTD.","201","WEST BEAR POINT ROAD"," ","BEAR POINT","NS","B0W3B0"
"NEPTUNE TECHNOLOGIES & BIORESSOURCES INC.","100-545","PROMENADE DU CENTROPOLIS"," ","LAVAL","QC","H7T0A3"
"ARCTIC FISHERY ALLIANCE L.P. ""SUVAK"""," ","ST. JOHN'S HARBOUR SOUTH"," ","ST. JOHN'S","NL","A1B3T1"
"WOODMAN'S SEA PRODUCTS LIMITED"," ","HIGDON'S FISH PLANT ROAD"," ","NEW HARBOUR","NL","-"
"OCEAN CHOICE INTERNATIONAL L.P.","119","WATER STREET"," ","HARBOUR GRACE","NL","A0A2M0"
"OCEAN CHOICE INTERNATIONAL L.P.","11","HARBOUR ROAD"," ","TRITON","NL","A1B3N4"
"OCEAN CHOICE INTERNATIONAL L.P.","74-76","FISHER ST."," ","PORT AU CHOIX","NL","-"
"OCEAN CHOICE INTERNATIONAL L.P.","10 28","CAMPBELL STREET"," ","BONAVISTA","NL","-"
"LES CUISINES ROI KITCHENS LTÉE","220","ROUTE 134"," ","PETIT-ROCHER-NORD","NB","E8J3B2"
"1496519 ONTARIO INC. O/A BENTO NOUVEAU","8 2675","BLACKWELL STREET"," ","OTTAWA","ON","K1B4E4"
"NATURE'S WAY OF CANADA LIMITED","15","GARLAND AVE.","UNIT 9","DARTMOUTH","NS","B3B0A6"
"HOSPITAL FOOD SERVICES-ONTARIO, INC. O/A HEALTHCARE FOOD SERVICES","1010","DAIRY DRIVE"," ","OTTAWA","ON","K4A3N3"
"NORTHSYDE PROCESSING LTD.","139","QUEEN STREET"," ","NORTH SYDNEY","NS","B2A1A9"
"NOVA'S FINEST FISHERIES INC. (PLANT # 3735 - LOWER WEST PUBNICO)","260","DENNIS POINT"," ","LOWER WEST PUBNICO","NS","B0W2C0"
"CHANGE ISLANDS FISHERMEN'S IMPROVEMENT COMMITTEE INC.","41","MAIN RD"," ","CHANGE ISLANDS","NL","A0G1R0"
"ACADIAN STURGEON AND CAVIAR INC.","30","CARTERS WHARF ROAD"," ","CARTERS POINT","NB","E5S1S5"
"OCEAN CHOICE INTERNATIONAL L.P."," ","MAIN ST."," ","FORTUNE","NL","-"
"POINT STAR SEAFOODS LTD.","2712","ROUTE 774"," ","WILSONS BEACH","NB","E5E1L9"
"WINFUL SEAFOOD INTERNATIONAL LTD.","10","MELFORD DRIVE","UNIT","SCARBOROUGH","ON","M1B2G1"
"OCEAN NOVA SEAFOOD CANADA LTD.","2268","NO. 5 ROAD","UNIT 250","RICHMOND","BC","V6X2T1"
"SEVEN SEAS FISH CO. LTD.","12411","VULCAN WAY"," ","RICHMOND","BC","V6V1J7"
"TRUE NORTH SALMON LIMITED PARTNERSHIP","50","THORNE AVE. CANADA"," ","DARTMOUTH","NS","B3B1Y5"
"DOUCET FISHERIES LIMITED","32","OCEAN DRIVE"," ","COMEAUVILLE","NS","B0W2Z0"
"RODNEY'S OYSTER DEPOT LIMITED PARTNERSHIP","226","WHARF RD"," ","NINE MILE CREEK","PE","C0A1H2"
"CANADIAN PACIFIC SEAFOOD LIMITED","8851","BECKWITH ROAD","#110","RICHMOND","BC","V6X1V4"
"VERSACOLD LOGISTICS SERVICES","200","DAWSON ROAD NORTH CANADA"," ","WINNIPEG","MB","R2J0S7"
"KEYBRAND FOODS","1326","VICTORIA STREET NORTH CANADA"," ","KITCHENER","ON","N2B3E2"
"PECHERIES CHETICAMP FISHERIES INTL. (2016) LTD.","38","CH LA DIGUE RD"," ","CHETICAMP","NS","B0E1H0"
"SEA WATER PRODUCTS INC.","6","STAGE RD"," ","FLEUR DE LYS","NL","-"
"PHOCALUX INTERNATIONAL INC.","2","WATER FRONT AVENUE"," ","FLEUR DE LYS","NL","A0K2M0"
"MAC'S OYSTERS LTD.","7162","SOUTH ISLAND HIGHWAY"," ","FANNY BAY","BC","V0R1W0"
"UEUSHUK FISHERIES LTD.","50","GLENCOE DRIVE","UNIT 2","MOUNT PEARL","NL","A1N2X1"
"GRANVILLE GATES & SONS LIMITED","60","GATES FISH PLANT ROAD"," ","BLANDFORD","NS","B0J1T0"
"MARSAN FOODS LIMITED","46","MODERN ROAD"," ","TORONTO","ON","M1R3B6"
"NUTAN FURS INC.","430","GRIFFIN DRIVE"," ","CORNER BROOK","NL","A2H3E9"
"EXPORT PACKERS SEAFOOD LIMITED","3","EDVAC DRIVE"," ","BRAMPTON","ON","L6S5X8"
"CAVENDISH FARMS CORPORATION","303","MILO ROAD"," ","WHEATLEY","ON","N0P2P0"
"FISHERMAN'S MARKET INTERNATIONAL INCORPORATED","5771","SHORE ROAD"," ","NORTH WEST HARBOUR","NS","B0W2T0"
"INSHORE FISHERIES LIMITED","95","DENNIS POINT ROAD"," ","LOWER WEST PUBNICO","NS","-"
"LA CREVETTE DU NORD ATLANTIQUE INC.","553","BOUL."," ","ANSE-AU-GRIFFON","QC","G4X6A5"
"SEA WORLD TRADING LTD.","12811","ROWAN PLACE CANADA","#1104","RICHMOND","BC","V6V2S6"
"PREMIÈRE NATION MALÉCITE DE VIGER","700","BOULEVARD DU RIVAGE"," ","RIMOUSKI-EST","QC","G5L1G9"
"FUMOIR DU NORD","540","RUE DU PLATINE"," ","QUÉBEC","QC","G2N2G6"
"NAUTICAL SEAFOODS LTD.","4336","SHORE ROAD WEST CANADA"," ","PARKERS COVE","NS","B0S1K0"
"M.G. FISHERIES LTD.","7","NORMAN ROAD"," ","GRAND MANAN","NB","E5G2G5"
"FLURER SMOKERY LTD","5722","MENZIES WAY"," ","CAMPBELL RIVER","BC","V9H1N6"
"MINIGOO FISHERIES INC.","195","EAGLE FEATHER TRAIL"," ","LENNOX ISLAND","PE","C0B1P0"
"BEACH POINT PROCESSING  COMPANY","75","WHARF LANE"," ","BEACH POINT","PE","C0A1V0"
"BEACH POINT PROCESSING COMPANY","26","MACKENZIE LANE"," ","BEACH POINT","PE","C0A1V0"
"JOHN O'S FOODS INC.","827","DROVERS ROAD"," ","WHEATLEY","ON","N0P2P0"
"CAPE BALD PACKERS LTD. LOBSTER DIVISION (BAS CAP PELE, NB)","52","RUE NILES CANADA"," ","BAS-CAP-PELÉ","NB","E4N1E3"
"SOUTH SHORE SEAFOODS LTD.","6","FOY ROAD"," ","BLOOMFIELD","PE","C0B1E0"
"KELTIC SEAFOODS LIMITED","6980","MARKET STREET"," ","PORT HARDY","BC","-"
"CLEARWATER SEAFOODS LIMITED PARTNERSHIP (M.V. ATLANTIC PRESERVER)","88","WATER STREET"," ","SHELBURNE","NS","B0J1W0"
"R.J. KING FISHERIES LIMITED"," "," "," ","METEGHAN CENTRE","NS","B0W2K0"
"ATLANTIC PROTECTOR","88","WATER STREET"," ","SHELBURNE","NS","B0T1W0"
"NORTH-WEST SEAFOOD LTD.","8475","ONTARIO STREET","#102","VANCOUVER","BC","V5X3E8"
"YOUNG'S LOBSTER COMPANY  LTD.","1354","ROUTE 772"," ","CHOCOLATE COVE","NB","-"
"CAPE NORTH MUSSELS LIMITED","43","MACLEOD LN"," ","CAPE NORTH","NS","B0C1G0"
"AZUMA FOODS (CANADA) CO., LTD.","11451","TWIGG PLACE CANADA"," ","RICHMOND","BC","V6V2Y2"
"SAPUTI","154","WATER STREET"," ","BAY ROBERTS","NL","A0A1GO"
"TIFFANY GATE FOODS INC.","195","STEINWAY BLVD CANADA"," ","TORONTO","ON","M9W6H6"
"SHIP'S LOBSTER POUND (2005) LIMITED","6649","HIGHWAY 3"," ","LOWER WOODS HARBOUR","NS","B0W2E0"
"BONTE FOODS LTD","615","CHAMPLAIN STREET"," ","DIEPPE","NB","E1A7Z7"
"MEDEX. FISH IMPORTING & EXPORTING CO. LTD.","189","WESTCREEK DRIVE"," ","VAUGHAN","ON","L4L9N6"
"TRUE NORTH SALMON LIMITED PARTNERSHIP","1","FUNDY BAY DRIVE"," ","ST. GEORGE","NB","E5C3E2"
"LOBSTER WORLD INC.","10320","7","HWY 7"," ","JEDDORE OYSTER PONDS","NS","B0J1W0"
"GROUPE UMEK, SOCIÉTÉ EN COMMANDITE","230","AVENUE ARNAUD"," ","SEPT-ILES","QC","G4R3A7"
"FACTORS LABORATORIES LTD.","8955","JIM BAILEY CRESCENT"," ","KELOWNA","BC","V4V2L7"
"KA'LE BAY SEAFOODS LTD."," "," "," ","GLACE BAY","NS","B1A5V4"
"SHANDAPH OYSTERS"," ","RR # 1"," ","PICTOU COUNTY","NS","B0K1G0"
"WEST COAST FISHCULTURE (LOIS LAKE) LTD.","11060","C MORTON ROAD"," ","POWELL RIVER","BC","V8A0L9"
"GERRET ENTERPRISES INCORPORATED","58","BOUNDRY STREET"," ","CLARK'S HARBOUR","NS","B0W1P0"
"VICTOR AQUACULTURE INC.","120","RUE DE L'INDUSTRIE"," ","SHIPPAGAN","NB","E8S0A2"
"FISHERMAN'S MARKET INTERNATIONAL INCORPORATED","354","BLACKPOINT ROAD"," ","SHELBURNE COUNTY","NS","-"
"7987072 CANADA INC.","800","HUNT CLUB ROAD","UNIT","OTTAWA","ON","K1V1C3"
"NU SEA PRODUCTS INC."," ","MAIN ROAD"," ","CONCEPTION BAY SOUTH","NL","A0A3J0"
"PETIT-CAP FISHERIES LTD","2056","ROUTE 950"," ","PETIT-CAP","NB","E4N2J6"
"ATLANTIS FOODS LTD.","8295","CROMPTON STREET"," ","VANCOUVER","BC","V5X4H8"
"LES PLATS DU CHEF ULC","575","OSTER LANE"," ","VAUGHAN","ON","L4K2B9"
"NU SEA PRODUCTS INC."," ","MAIN ROAD"," ","ANCHOR POINT","NL","-"
"FRESH ATLANTIC SEAFOOD LTD","804","ROUTE 172"," ","BACK BAY","NB","E5C1X2"
"I & S SEAFOODS","45","WHITELEY STREET"," ","RIVIÈRE-SAINT-PAUL","QC","G0G2P0"
"M & M CORMIER FISHERIES LTD.","11","ALLÉE ANDRÉ CANADA"," ","CAP-PELE","NB","E4N2E1"
"NORLANTIC PROCESSORS LIMITED","54","MAIN ST"," ","PLEASANTVIEW","NL","-"
"54417 NEWFOUNDLAND AND LABRADOR INC.","85","SOUTH SIDE DRIVE"," ","HARBOUR BRETON","NL","-"
"UPTIME FOOD PRODUCTS INC.","11800","AV J.J."," ","MONTRÉAL","QC","H1E7J4"
"FAVORITE FOODS LTD.","6934","GREENWOOD STREET"," ","BURNABY","BC","V5A1X8"
"ATLANTIC CANADA EELS INC."," "," ","LOT #7","SPRINGHILL","NS","B0M1X0"
"KITCHEN PARTNERS LIMITED"," ","2545-96 STREET NW"," ","EDMONTON","AB","T6N1E3"
"MENU-MER LTÉE","153","BOUL. RENARD EST"," ","RIVIÈRE-AU-RENARD","QC","G4X5K9"
"APAQTAUKEWAQ FISHERIES CO-OP LTD.","127","FISHERY ROAD"," ","CHAPEL ISLAND 5","NS","B0E3B0"
"PATUREL INTERNATIONAL COMPANY","2474","HIGHWAY 330"," ","CLARK'S HARBOUR","NS","BOW1PO"
"NEWFOUNDLAND MARINER FISHING ENTERPRISES LTD."," "," "," ","ST. JOHN'S","NL","-"
"LABRADOR GEM SEAFOOD INCORPORATED","21","MAIN STREET"," ","RAMEA","NL","AON2G0"
"OCEAN VIEW FISHERIES LIMITED","26","LENNYS LANE"," ","SAMBRO","NS","B3V1L5"
"OCEAN CHOICE INTERNATIONAL L.P.  ""AQVIQ"""," "," "," ","ST. JOHN'S","NL","A1B3N4"
"NORTHERN HARVEST SEA FARMS INC.","2","SALAR COURT"," ","ST. GEORGE","NB","E5C3N1"
"I. DEVEAU FISHERIES LIMITED","88","COOK POINT ROAD"," ","NORTH EAST POINT","NS","B0W1P0"
"FINE CHOICE FOODS LTD.","23011","FRASERWOOD WAY"," ","RICHMOND","BC","V6V3B3"
"DONALD B. GILLIS & SON FISH WHOLESALER LIMITED"," "," "," ","NORTH SYDNEY","NS","B2A3M1"
"STRICTLY LOBSTER LIMITED","1201","HIGHWAY 304"," ","YARMOUTH","NS","B5A5G7"
"RB FRUITS DE MER INC.","252","CH PETIT CAREY"," ","SIX ROADS","NB","E1X3A6"
"ALBION FARMS AND FISHERIES LTD.","1900","NO. 6 ROAD"," ","RICHMOND","BC","V6V1W3"
"K&N FISHERIES LIMITED","70","FISH PLANT ROAD"," ","WHITEHEAD","NS","B0H1T0"
"DSM NUTRITIONAL PRODUCTS CANADA INC.","39","ENGLAND DRIVE"," ","MULGRAVE","NS","B0E2G0"
"FV NORTHERN ALLIANCE (SELECT SEAFOODS CANADA LTD.)","205","VANTAGE WAY","7560A","DELTA","BC","V4G1H1"
"MITO SUSHI","4600","RUE MOLSON"," ","MONTRÉAL","QC","H1Y0A3"
"CHAD BROWN SEAFOODS INC.","119","NARROWS ROAD"," ","WELSHPOOL","NB","E5E1B2"
"DAILY SEAFOOD INC.","135","BLAKE STREET"," ","TORONTO","ON","M4J3E2"
"FISHER DIRECT LTD.","382"," "," ","SHELBURNE COUNTY","NS","B0W3B0"
"BELLE CARNELL","119","WATER ST."," ","HARBOUR GRACE","NL","A0A2M0"
"NORTH LAKE FISHERIES (2013), INC. O/A MONTAGUE BAY FOODS","150","CENTRAL ST"," ","BRUDENELL","PE","C0A1R0"
"ROCKY COAST SEAFOODS LTD.","739","HIGHWAY 1"," ","COMEAUVILLE","NS","B0W2Z0"
"KWONG MAN SANG COMPANY, LIMITED","190-12831","CLARKE PLACE CANADA"," ","RICHMOND","BC","V6V2H9"
"WHYCOCOMAGH BAND COUNCIL","11446","HIGHWAY 105"," ","ABERDEEN","NS","B0E3M0"
"CELLWAY CANADA INC.","275","DON PARK ROAD"," ","MARKHAM","ON","L3R1C2"
"FV RAW SPIRIT","2750","HARBOUR ROAD"," ","PORT ALBERNI","BC","V9Y7X2"
"BLUE COAST SEAFOOD LTD.","13911","MAYCREST WAY","#110","RICHMOND","BC","V6V2J4"
"MARINE HARVEST CANADA INC.","5355","152ND STREET","#200","SURREY","BC","V3S5A5"
"MILLION OCEAN SEAFOOD LTD.","#230-240 2088","NO. 5 ROAD"," ","RICHMOND","BC","V6X2T1"
"LONGSHORE FISHERIES LTD.","2025","SONORA ROAD"," ","SONORA","NS","B0J3C0"
"CASCUMPEC BAY OYSTER COMPANY LTD.","995","BIDEFORD RD"," ","ELLERSLIE","PE","C0B1J0"
"ATLANTIC CHICAN SEAFOOD","55","ORION WHARF ROAD"," ","CLARK'S HARBOUR","NS","B0W1P0"
"ALDER SEAFOOD LTD","126","MEALEY RD"," ","PENNFIELD","NB","E5H0B1"
"NORTHERN LIGHTS SEAFOOD INC.","40-44","WATER ST"," ","MAIN BROOK","NL","A0K3N0"
"NORTH SHORE SPECIALTIES","1843","23 STREET EAST CANADA"," ","OWEN SOUND","ON","N4K6H6"
"HALIBUT PEI INC.","18","QUEEN STREET"," ","CHARLOTTETOWN","PE","C1A4A1"
"ISLAND BAIT LIMITED","1220","HIGHWAY 330"," ","CENTREVILLE","NS","B0W2G0"
"A ACADIEN ATLANTIC INC.","44","BOULEVARD INDUSTRIEL"," ","CARAQUET","NB","E1W1A9"
"LA NASSA FOODS INC.","3","DOCK ROAD"," ","KINGSVILLE","ON","N9Y1K9"
"RIDGELAND AQUA FARMS INCORPORATED","36111","RICHLAND ROAD 54 NORTH CANADA"," ","ANOLA","MB","R0E0K0"
"NORTH AMERICAN SEAFOOD INC.","822","EAST CORDOVA STREET"," ","VANCOUVER","BC","V6A1M4"
"INOVATA FOODS CORP.","12803","149 ST NW"," ","EDMONTON","AB","T5L2J7"
"KNOCEAN FOODS LTD.","99","BRENAN AV. CANADA"," ","SCOUDOUC","NB","E4P3N6"
"C & K SEAFOODS","7","BOUDREAU BRANCH RD."," ","CHURCH POINT","NS","B0W1M0"
"LA NASSA FOODS INC.","180","INDUSTRY ROAD"," ","KINGSVILLE","ON","N9Y1K9"
"POISSONNERIE BLANCHETTE INC.","280","RUE DU HAVRE"," ","SAINTE-ANNE-DES-MONTS","QC","G4V3H5"
"FRESHWATER FISH MARKETING CORPORATION SELKIRK","599","GREENWOOD AVENUE"," ","SELKIRK","MB","R1A1J1"
"PÊCHERIES LEBRETON & FILS LTÉE","690","RUE ACADIE"," ","GRANDE-ANSE","NB","E8N1G4"
"OYSTER KINGS","682","CHEMIN DE LA POINTE"," ","RICHIBUCTO VILLAGE","NB","E4W1G2"
"ACADIAN SUPREME INC.","8323","ROUTE 11"," ","WELLINGTON","PE","C0B2E0"
"FISHER DIRECT LTD.","5163"," "," ","SHELBURNE COUNTY","NS","B0W3B0"
"FACTORS GROUP OF NUTRITIONAL COMPANIES INC.","1550","UNITED BOULEVARD CANADA"," ","COQUITLAM","BC","V3K6Y2"
"RYER & RYER LOBSTERS LIMITED","15","RYERS ROAD"," ","INDIAN HARBOUR","NS","B3Z3P9"
"A&A MARINE & DRYDOCK","10417","FRONT LINE"," ","BLENHEIM","ON","N0P1A0"
"PROTENERGY NATURAL FOODS CORP.","125","EAST BEAVER CREEK ROAD"," ","RICHMOND HILL","ON","L4B1E2"
"FUMOIR MONSIEUR ÉMILE","574","ROUTE DE L'IRLANDE"," ","PERCÉ","QC","G0C2L0"
"1839527 ONTARIO INC.","447","SEACLIFF DRIVE EAST CANADA"," ","LEAMINGTON","ON","N8H3V7"
"PASTIFICIO D'APRILE LTD.","125","ANDERSON AVENUE"," ","MARKHAM","ON","L6E1A4"
"EVENING COVE OYSTERS PROCESSING LTD.","1360","STEWART AVENUE"," ","NANAIMO","BC","V9S4E1"
"EVENING COVE OYSTERS PROCESSING LTD.","1360","STEWART AVENUE"," ","NANAIMO","BC","V9S4E1"
"NORTH TASTE FLAVOURINGS INC./SAVEURS DU NORD INC.","71","ROUTE 320"," ","ANSE BLEUE","NB","E8N2B7"
"EVAN'S FRESH SEAFOODS LIMITED","286","DENNIS POINT ROAD"," ","LOWER WEST PUBNICO","NS","B0W2C0"
"NOR-VAN SEAFOOD LTD.","2288","SUITE 110 & 120","NO. 5 ROAD"," ","RICHMOND","BC","V6X2T1"
"PACIFIC STAR ENTERPRISES INC.","2650","PROGRESSIVE WAY","#6","ABBOTSFORD","BC","V2T6H9"
"MPY TRADING LTD.","124","408 EAST KENT AVENUE SOUTH","#122","VANCOUVER","BC","V5X2X7"
"CLEARWATER SEAFOODS LIMITED PARTNERSHIP","757","BEDFORD HWY"," ","BEDFORD","NS","B4A3Z7"
"GRAND RIVER FOODS LTD.","685","BOXWOOD DR."," ","CAMBRIDGE","ON","N3E1A4"
"RED BEARD SHELLFISH COMPANY","27","LEA CRANE BLVD CANADA"," ","SOURIS","PE","C0A2B0"
"COLDWATER CANADIAN LOBSTER INC.","20","FOREST ACRES COURT"," ","FREDERICTON","NB","E3B4L2"
"NORTH LAKE FISHERIES (2013), INC.","58","NORTH LAKE HARBOUR RD"," ","ELMIRA","PE","C0A2B0"
"ATLANTIC GOLDEN OCEAN PRODUCTS INC.","2056","ROUTE 950"," ","PETIT-CAP","NB","E4N2J6"
"NIQITAQ FISHERIES LTD","154","WATER ST."," ","BAY ROBERTS","NL","A0G1G0"
"AGE LOBSTER INC.","1337","CENTREVILLE SOUTHSIDE ROAD"," ","CLARK'S HARBOUR","NS","B0W1P0"
"NAUTICAL SEAFOODS LTD.","4336","SHORE RD WEST CANADA"," ","PARKERS COVE","NS","B0S1KO"
"BIG LOBSTER SEAFOOD INCORPORATED","9","CALVIN STREET"," ","GRAND MANAN","NB","E5G1M5"
"C.R. LOBSTERS INC.","259","INGALLS HEAD ROAD"," ","GRAND MANAN","NB","E5G3G7"
"GIDNEY FISHERIES LIMITED","136","DAKIN PARK ROAD"," ","CENTREVILLE","NS","B0V1A0"
"MASA'S SALMON SMOKEHOUSE LTD.","130","GARDEN AVENUE"," ","NORTH VANCOUVER","BC","V7P3H2"
"L. J. ROBICHEAU & SON FISHERIES LIMITED","219","SHORE ROAD"," ","DIGBY COUNTY","NS","B0V1C0"
"NEWFOUNDLAND VICTOR","154","WATER STREET"," ","BAY ROBERTS","NL","A0A1G0"
"LISMORE SEAFOODS INC.","161","FACTORY ROAD"," ","LISMORE","NS","B0K1G0"
"OCEANRISE SEAFOOD SUPPLY LTD.","13986","CAMBIE ROAD","#268","RICHMOND","BC","V6V2K3"
"BENTO INC.","115","DE BAETS STREET"," ","WINNIPEG","MB","R2J3R9"
"CONCHE SEAFOODS LIMITED","2","HARBOUR VIEW DRIVE"," ","CONCHE","NL","A0K1Y0"
"DREAM BOAT FISHERIES INC.","88","LAMBERT ROAD"," ","LORDS COVE","NB","E5V1E2"
"CENTENNIAL FOODSERVICE PARTNERSHIP","12759","VULCAN WAY","#138","RICHMOND","BC","V6V3C8"
"BEACH POINT PROCESSING COMPANY","58 A","BOUNDARY STREET"," ","CLARK'S HARBOUR","NS","B0W1P0"
"RIVERSIDE LOBSTER INTERNATIONAL INC.","11","JOHN THIBODEAU ROAD"," ","METEGHAN CENTRE","NS","B0W2K0"
"BINCHO PROCESSORS LTD.","2130 12811","ROWAN PLACE CANADA"," ","RICHMOND","BC","V6V2S6"
"OCEAN CHOICE INTERNATIONAL L.P. "" OCEAN BREAKER""","119","WATER STREET"," ","HARBOUR GRACE","NL","A0A2M0"
"RIVERSIDE LOBSTER INTERNATIONAL INC.","9089","HIGHWAY 1"," ","METEGHAN RIVER","NS","B0W2L0"
"FISHERMAN'S MARKET INTERNATIONAL INCORPORATED","607","BEDFORD HIGHWAY"," ","HALIFAX","NS","B3M2L6"
"LOBSTER HUB INC.","45","JOHN THIBODEAU ROAD"," ","METEGHAN CENTRE","NS","B0W2K0"
"HERMITAGE PROCESSING INC.","1-3","PLANT ROAD"," ","HERMITAGE","NL","A0H1S0"
"LES PECHERIES NORREF QUEBEC INC","4900","RUE MOLSON"," ","MONTRÉAL","QC","H1T3J8"
"DUSO'S ENTERPRISES LTD.","1625","KEBET WAY","#200","PORT COQUITLAM","BC","V3C5W9"
"PRISTINE BAY PREMIUM OYSTERS","32","MACKENZIE ROAD"," ","MCLELLAN BROOK","NS","B2H5C7"
"2403362 ONTARIO INC.","2359","ROYAL WINDSOR DRIVE","UNIT 9","MISSISSAUGA","ON","L5J4S9"
"SAWMILL BAY SHELLFISH COMPANY LTD.","1798","HYACINTHE BAY ROAD"," ","HERIOT BAY","BC","V0P1H0"
"BAFFIN BAY SEAFOOD (CANADA) INC.","400","787","500 & 600","CLIVEDEN PLACE CANADA"," ","DELTA","BC","V3M6C7"
"UNION BAY SEAFOOD LTD.","170-2288","NO 5 ROAD"," ","RICHMOND","BC","V6X2T1"
"HODDER'S SHELLFISH","233","MAIN ST"," ","STONEVILLE","NL","A0G4C0"
"LE JAKI","4","CHEMIN DE LA MONTAGNE"," ","LES ESCOUMINS","QC","G0T1K0"
"BILL & STANLEY OYSTER COMPANY LTD.","31","DEMING POINT ROAD"," ","WHITEHEAD","NS","B0H1T0"
"LES FUMOIRS SMOKE CHEFS INC.","816-818","BOUL. INDUSTRIEL"," ","BOIS-DES-FILION","QC","J6Z0A3"
"SURF SEAFOODS (2016) LTD.","16","COMMERCIAL STREET"," ","PORT LA TOUR","NS","B0W2T0"
"SOFINA FOODS INC./ALIMENTS SOFINA INC.","1226","TRAFALGAR STREET"," ","LONDON","ON","N5Z1H5"
"L.J. ROBICHEAU & SON FISHERIES LIMITED","14","FREEMAN ST"," ","MIDDLETON","NS","B0S1P0"
"CAPTAIN DAN'S INC","28","MILLS STREET"," ","BOUCTOUCHE","NB","E4S3S3"
"SARDO FOODS","99","PILLSWORTH RD"," ","BOLTON","ON","L7E4E4"
"GREAT LITTLE HARBOUR SEAFOOD CO. LTD.","1101","ROUTE 475"," ","BOUCTOUCHE","NB","E4S4P3"
"CAPTAIN LITTLE SEAFOOD LTD."," "," "," ","QUEENS","NS","B0T1T0"
"ENTREPOT FROID XTREME COLD STORAGE LTD.","999","AVIATION AVENUE"," ","DIEPPE","NB","E1A9S5"
"LOGAN'S LEGACY FISHERIES LIMITED","3243","PORT LATOUR ROAD"," ","PORT LATOUR","NS","-"
"FLORENTINA FOODS LTD.","760","SUPERTEST ROAD"," ","NORTH YORK","ON","M3J2M5"
"DO LOBSTER","1319","MAIN ROAD"," ","EASTERN PASSAGE","NS","B3G1M4"
"C.B. ISLAND FISHERIES LTD.","205","DONAGHY AVENUE"," ","NORTH VANCOUVER","BC","V7P2L6"
"TAYLOR FISH COMPANY","419","ERIE STREET SOUTH"," ","WHEATLEY","ON","N0P2P0"
"WESTPINE FISHERIES LTD.","8383","CROMPTON STREET"," ","VANCOUVER","BC","V5X4J1"
"LES PÊCHERIES GASPÉSIENNES INC.","5","RUE DE LA"," ","GASPÉ","QC","G4X5G3"
"BIORIGINAL FOOD & SCIENCE CORP.","102","MELVILLE STREET"," ","SASKATOON","SK","S7J0R1"
"LES PRODUCTEURS DE HOMARDS DE GRANDE-RIVIÈRE1998","13","ROUTE 132"," ","SHIGAWAKE","QC","G0C3E0"
"SOUTH SHORE LOBSTER (1992) LIMITED","52","CRIPPLE CREEK ROAD"," ","CLAM POINT","NS","B0W1N0"
"HOI-BO FISHERIES INC.","3106 12811","ROWAN PLACE CANADA"," ","RICHMOND","BC","V6V2S6"
"ANNAND CLAMS INC.","775","CONWAY RD"," ","ELLERSLIE","PE","COB1J0"
"QUODDY SAVOUR SEAFOOD LTD.","162","MEALEY ROAD"," ","PENNFIELD","NB","E5H0B1"
"FRUITS DE MER LAGOON INC","1301","32EME AVENUE"," ","LACHINE","QC","H8T3H2"
"RIVERSIDE LOBSTER INTERNATIONAL INC.","11","JOHN THIBODEAU ROAD"," ","METEGHAN","NS","B0W2K0"
"SOUTH SHORE SEAFOODS LTD","75","GRIFFIN DR"," ","BLOOMFIELD","PE","C0B1E0"
"CRAIGS LOBSTER LIMITED","55","HARBOUR ROAD"," ","BEAR POINT","NS","B0W3B0"
"PECHERIES DE L'ESTUAIRE INC.","201","RUE DES FABRICANTS"," ","RIMOUSKI","QC","G5M0M7"
"INUKSUK I","154","WATER ST."," ","BAY ROBERTS","NL","A0G1G0"
"710769 ALBERTA LTD"," ","12525-89 STREET NW"," ","EDMONTON","AB","T5B3X2"
"ATLANTIC SEA CUCUMBER LTD.","212","PAUL'S POINT ROAD"," ","HACKETTS COVE","NS","B3Z3K7"
"ALBION FARMS AND FISHERIES","13506","159 STREET"," ","EDMONTON","AB","T5V0B6"
"WOLLASTON LAKE FISHERY"," ","R1 PLAN"," ","WOLLASTON LAKE","SK","S0J3C0"
"CAPTAIN DAN'S INC","5","MILLS STREET"," ","BOUCTOUCHE","NB","E4S3S3"
"RIGHT SOURCE GROUP LTD","192","JOSEPH ZATZMAN DR","UNIT","DARTMOUTH","NS","B3B1N4"
"BAKERS POINT FISHERIES LIMITED","75","BAKERS POINT ROAD"," ","JEDDORE OYSTER PONDS","NS","B0J1W0"
"TENSHI SEAFOOD LTD.","3102-12811","ROWAN PLACE CANADA"," ","RICHMOND","BC","V6V2S6"
"ECAF EAST COAST ATLANTIC FISHERIES LTD.","1063","HIGHWAY 335"," ","MIDDLE WEST PUBNICO","NS","B0W2M0"
"LOBSTER HUB INC.","45","JOHN THIBODEAU RD."," ","METEGHAN CENTRE","NS","B0W2K0"
"AC LIVE LOBSTER INC.","798","HWY 330"," ","NORTH EAST POINT","NS","B0W2P0"
"INTERNATIONAL NUTRIENT TECHNOLOGIES LIMITED","9475","TWIN OAKS DRIVE"," ","WINDSOR","ON","N8N5B8"
"NIQITAQ FISHERIES LTD. ""ARLUK II"""," "," "," ","ST. JOHN'S","NL","-"
"SEARAY FOODS INC.","6511","GRAYBAR ROAD"," ","RICHMOND","BC","V6W1H3"
"SAKURA SEAFOOD CO. LTD. #2","130-11528","TWIGG PLACE CANADA"," ","RICHMOND","BC","V6V2Y5"
"TOP CLAW LOBSTER AND SEAFOOD LIMITED","81","ORION WHARF ROAD"," ","NEWELLTON","NS","BOW1P0"
"PISCICULTURE ACADIENNE LTÉE/ACADIAN FISH FARM LTD.","2295","RUE ACADIE"," ","BAS-CARAQUET","NB","E1W5T9"
"INDEPENDENT FISHERIES LIMITED","1271","LITTLE HARBOUR ROAD"," ","SHELBURNE","NS","B0T1V0"
"SWIMM'S LOBSTER INN LIMITED","73","SOUTH STREET"," ","CLARK'S HARBOUR","NS","B0W1P0"
"B.M.C. SEAFOODS LIMITED","50","METEGHAN SHORE ROAD"," ","METEGHAN","NS","B0W2J0"
"DOUCET FISHERIES LIMITED"," "," "," ","WEYMOUTH","NS","B0W3T0"
"GIDNEY FISHERIES LIMITED","8145","HIGHWAY #1"," ","METEGHAN","NS","B0W2J0"
"BAKERS POINT FISHERIES LIMITED","33","BAKERS POINT ROAD"," ","EAST JEDDORE","NS","B0J1W0"
"DO LOBSTER","1323","MAIN ROAD"," ","EASTERN PASSAGE","NS","B3G1M4"
"TANGIER LOBSTER COMPANY LIMITED","172","LAWLOR'S POINT ROAD"," ","PLEASANT HARBOUR","NS","B0J3H0"
"NOVACAN LIVE SEAFOOD LTD.","816","VETERANS MEMORIAL DRIVE"," ","ARICHAT","NS","B0E1A0"
"CHASE'S SHELLFISH LIMITED","50","BRICKYARD ROAD"," ","PUGWASH","NS","BOK1L0"
"CLEARWATER SEAFOODS LIMITED PARTNERSHIP","441","CAPE AUGET ROAD"," ","ARICHAT","NS","B0E1A0"
"LOVE ME FISH & LOBSTER INCORPORATED","311","BAYFIELD BEACH ROAD"," ","AFTON STATION","NS","B0H1A0"
"CANESP GLOBAL DISTRIBUTIONS S.L. INC.","209","AEROTECH DRIVE"," ","ENFIELD","NS","B2T1K3"
"COLLINS LOBSTER FISHERMAN'S MARKET LTD.","8607","MAIN STREET"," ","ALMA","NB","E4H1N6"
"PREMIUM CHOICE SHRIMP LIMITED","517","VETERANS MEMORIAL DRIVE"," ","ARICHAT","NS","-"
"SANDY POINT LOBSTER LTD.","2208","SANDY POINT ROAD"," ","SHELBURNE","NS","B0T1W0"
"PREMIUM BRANDS OPERATING GP  INC.","12251","WILLIAM SHORT ROAD"," ","EDMONTON","AB","T5B2B7"
"FISHERMEN'S PREMIUM ATLANTIC LOBSTER INC.","72","GOODWIN LANE"," ","NORTH EAST POINT","NS","B0W2P0"
"D'ENTREMONT BROTHER'S BROKERAGE INC.","101","DENNIS POINT ROAD"," ","LOWER WEST PUBNICO","NS","B0W2C0"
"ASHMEG SEAFOODS LTD.","1720","KETCH HARBOUR ROAD"," ","HALIFAX","NS","-"
"SYSCO CANADA, INC. OA EN GROS PIERRE","6412","TRANSCANADIENNE"," ","SAINT-LAURENT","QC","H4T1X4"
"BIORIGINAL FOOD & SCIENCE CORP.","102","MELVILLE STREET"," ","SASKATOON","SK","S7JOR1"
"NATUR+L XTD INC.","2905","RUE JOSE-MARIA-ROSELL"," ","SAINT-HYACINTHE","QC","J2S0J9"
"CAPE D'OR SUSTAINABLE SEAFOODS INC.","365","DRIFTWOOD LANE"," ","ADVOCATE HARBOUR","NS","B0M1A0"
"Y R U COOKING LTD","11","INDUSTRIAL ST"," ","BOUCTOUCHE","NB","E4S3H9"
"ILE-A-LA-CROSSE FISH COMPANY INC.","21","22 & 23"," ","ÎLE-À-LA-CROSSE","SK","S0M1C0"
"CRUSTACÉS G. ROUSSY INC.","459","ROUTE 132 OUEST"," ","PORT-DANIEL","QC","G0C2N0"
"CANSO SEAFOODS LIMITED","88","WATER STREET"," ","CANSO","NS","B0H1H0"
"SYNERGY SEAFOODS LTD","803","HIGHWAY 1"," ","COMEAUVILLE","NS","B0W2Z0"
"LOBSTERS 'R' US","197","LITTLE HARBOUR ROAD"," ","LOWER L'ARDOISE","NS","B0E1W0"
"ARCTIC FISHERY ALLIANCE L.P."," "," "," ","ST. JOHN'S","NL","-"
"STARLIGHT FISHERIES LTD.","151","HILLSBURN ROAD"," ","GRANVILLE FERRY","NS","B0S1K0"
"PIER 99 PRODUCTS LTD.","2529","CHEMIN ACADIE"," ","CAP-PELE","NB","E4N1B7"
"ALIMENTS PASTA-MER INC.","2097","CHARTIER AVE CANADA"," ","DORVAL","QC","H9P1H3"
"GLOBAL GOURMET FOODS INC.","11671","BRIDGEPORT ROAD"," ","RICHMOND","BC","V6X1T5"
"GREAT LAKES FOOD COMPANY LTD.","135","BOTHWELL STREET"," ","CHATHAM","ON","N7M5K5"
"GEORGE'S BANK SEAFOODS LIMITED","232"," "," ","BARRINGTON PASSAGE","NS","B0W1G0"
"UCLUELET HARBOUR SEAFOODS LTD.","2074","PENINSULA ROAD"," ","UCLUELET","BC","V0R3A0"
"W & R FISHERIES LTD","6","WATER ST"," ","GEORGETOWN","PE","C0A1L0"
"HAILMAR INVESTMENTS LIMITED","193","OSBORNE HARBOUR ROAD"," ","OSBORNE HARBOUR","NS","B0T1L0"
"PARADISE OYSTERS","2663","KILPATRICK AVENUE","#15","COURTENAY","BC","V9N7C8"
"NEW GENERATION SEAFOOD LTD.","3786","HIGHWAY 3"," ","TUSKET","NS","B5A5K2"
"D.B. KENNEY FISHERIES (2014) LIMITED","300","WATER STREET"," ","WESTPORT","NS","B0V1H0"
"BAY SHORE LOBSTER LTD.","81","BACK BAY LOOP"," ","BACK BAY","NB","E5C2V1"
"WORLD LINK FOOD DISTRIBUTORS INC.","10-12B 209","AEROTECH DRIVE"," ","GOFFS","NS","B2T1K3"
"PUBNICO BAY LOBSTER COMPANY","575","HWY 3"," ","LOWER EAST PUBNICO","NS","B0W2A0"
"VARIETY FOODS LIMITED","16-18","HARBOUR DRIVE"," ","HARBOUR MAIN","NL","A0P2P0"
"BLUE ATLANTIC FISHERIES INC.","106","WHARF ROAD"," ","CAPE WOLFE","PE","-"
"M.V. MAUDE ADAMS","170","MONTAGUE STREET"," ","LUNENBURG","NS","B0J2C0"
"NATIVE HARVEST (ATLANTIC) SEAFOOD","3754","ROUTE 127"," ","BAYSIDE","NB","E5B2V5"
"3301861 NOVA SCOTIA  LIMITED","15","TOWER ROAD"," ","MILL BROOK","NS","B0L1G5"
"MAÎTRE SALADIER INC.","1755","BOULEVARD"," ","BOISBRIAND","QC","J7H1N8"
"PATUREL INTERNATIONAL COMPANY DBA L.CRAWFORD LOBSTERS","1325","DIPPER HARBOUR ROAD"," ","DIPPER HARBOUR","NB","E5J2T1"
"NORTHERN OSPREY III","385","PURVES ST."," ","NORTH SYDNEY","NS","B2A3M3"
"OCEAN NUTRASCIENCES INC.","72","RUE DU PORT"," ","MATANE","QC","G4W3M6"
"ADANAC SEAFOOD INC.","1623","PANDORA STREET"," ","VANCOUVER","BC","V5L0B1"
"CLEAR OCEAN SEAFOOD LTD.","2145-21331","GORDON WAY"," ","RICHMOND","BC","V6W1J9"
"NORTHERN DIVINE AQUAFARMS LTD.","7333","SECHELT INLET ROAD"," ","SECHELT","BC","V0N3A4"
"SUMMER FRESH SALADS INCORPORATED","181","SHARER ROAD"," ","WOODBRIDGE","ON","L4L8Z3"
"CAPTAIN'S CHOICE LOBSTER LIMITED","101","DENNIS POINT ROAD"," ","PUBNICO, LOWER WEST","NS","B0W2C0"
"PADOR SEAFOODS LIMITED","57","PROSPECT POINT ROAD"," ","WOODS HARBOUR","NS","B0W3B0"
"SEAKIST LOBSTER LIMITED","598","HIGHWAY 304"," ","OVERTON","NS","B5A5G6"
"STANLEY LOBSTER COMPANY LIMITED","1066","HIGHWAY 304"," ","YARMOUTH BAR","NS","B5A5G7"
"COTTER'S OCEAN PRODUCTS INC.","91","SOUTH STREET"," ","LOCKEPORT","NS","-"
"BEAR POINT LOBSTER COMPANY","693","BEAR POINT ROAD"," ","BEAR POINT","NS","B0W3B0"
"ARISAIG FISHERIES (2012) INC.","133","ARISAIG POINT ROAD"," ","ANTIGONISH COUNTY","NS","B2G2L1"
"9132-1810 QUEBEC INC / RAYMER AQUACULTURE","123","CHEMIN ST-EDGAR"," ","NEW RICHMOND","QC","G0C2B0"
"OPEN SEA SEAFOOD (CANADA) LTD.","#2030-2633","SIMPSON ROAD"," ","RICHMOND","BC","V6X0B9"
"NORTH 49 HOLDINGS LTD.","66","MAIN SHORE ROAD"," ","METEGHAN","NS","B0W2J0"
"PACIFIC POINT FOODS LTD.","19077","33 AVENUE"," ","SURREY","BC","V3Z1A1"
"CHARLESVILLE HOLDINGS LTD.","140","WATER STREET"," ","DIGBY","NS","B0V1A0"
"CAMERON SEAFOODS COMPANY","1157","WEST HALLS HARBOUR ROAD"," ","CENTREVILLE","NS","B0P1J0"
"CONTE FOOD IMPORTERS LTD.","8289","NORTH FRASER WAY","#108","BURNABY","BC","V3N0B9"
"JAMIESON LABORATORIES LTD.","4025","RHODES DRIVE"," ","WINDSOR","ON","N8W5B5"
"OCEAN GATE FISHERY LTD.","12160","HORSESHOE WAY","#120","RICHMOND","BC","V7A4V5"
"CANADA OPTIMAL NATURE INC.","332","NANTUCKET BLVD. CANADA"," ","TORONTO","ON","M1P2P4"
"9902848 CANADA INC.","3275","HIGHWAY 1"," ","BELLIVEAU COVE","NS","B0W1J0"
"EMILIEN D","127","CÔTE"," ","GASPÉ","QC","G4X1J3"
"SEA2SKY SEAFOOD LTD","2931","OLAFSEN AVE","UNIT 104","RICHMOND","BC","V6X2R4"
"ANNE RISLEY","428","MAIN STREET"," ","MULGRAVE","NS","B0E2G0"
"FRESH ATLANTIC SEAFOOD LTD","90","LETETE RD"," ","ST. GEORGE","NB","E5C3H6"
"E-Z FOOD","1405","MORNINGSIDE AVENUE"," ","SCARBOROUGH","ON","M1B3J1"
"FRESHWATER CUISINE","18","SUNNYSIDE ROAD"," ","KENORA","ON","P0X1C0"
"LES CRUSTACÉS DE GASPÉ LTÉE","29","RUE DU PARC"," ","GRANDE-RIVIÈRE","QC","G0C1V0"
